paper_id,title,year,venue,publication_type,publication_status,layers,source_queries,best_search_rank,authors,doi,primary_url,cited_by_count,open_access,code_url,official_code,stars_query_date,stars,license,simulator,datasets,protocol,baselines,metrics,seeds_variance,prediction_target,planning,uncertainty,migration_target,evidence_status,triage_status,notes
W3100366369,An Introduction to Deep Reinforcement Learning,2018,Foundations and Trends® in Machine Learning,article,candidate_unverified,general_world_model,Q01,1,Vincent François-Lavet; Peter Henderson; Riashat Islam; Marc G. Bellemare; Joëlle Pineau,https://doi.org/10.1561/2200000071,https://doi.org/10.1561/2200000071,1277,green,not_extracted,not_extracted,not_extracted,not_extracted,not_extracted,not_extracted,not_extracted,not_extracted,not_extracted,not_extracted,not_extracted,not_extracted,not_extracted,not_extracted,not_extracted,indirect_discovery_metadata,pending,OpenAlex discovery hit; requires primary-source verification
W2995022099,Advances and Open Problems in Federated Learning,2020,Foundations and Trends® in Machine Learning,article,candidate_unverified,general_world_model,Q01,2,Peter Kairouz; H. Brendan McMahan; Brendan Avent; Aurélien Bellet; Mehdi Bennis; Arjun Nitin Bhagoji; Kallista Bonawitz; Zachary Charles,https://doi.org/10.1561/2200000083,https://doi.org/10.1561/2200000083,5113,green,not_extracted,not_extracted,not_extracted,not_extracted,not_extracted,not_extracted,not_extracted,not_extracted,not_extracted,not_extracted,not_extracted,not_extracted,not_extracted,not_extracted,not_extracted,indirect_discovery_metadata,pending,OpenAlex discovery hit; requires primary-source verification
W3038822267,Model-based Reinforcement Learning: A Survey,2023,Foundations and Trends® in Machine Learning,article,candidate_unverified,general_world_model,Q01,3,Thomas M. Moerland; Joost Broekens; Aske Plaat; Catholijn M. Jonker,https://doi.org/10.1561/2200000086,https://doi.org/10.1561/2200000086,502,bronze,not_extracted,not_extracted,not_extracted,not_extracted,not_extracted,not_extracted,not_extracted,not_extracted,not_extracted,not_extracted,not_extracted,not_extracted,not_extracted,not_extracted,not_extracted,indirect_discovery_metadata,pending,OpenAlex discovery hit; requires primary-source verification
W2973119841,Machine Learning for Fluid Mechanics,2019,Annual Review of Fluid Mechanics,article,candidate_unverified,general_world_model,Q01,4,Steven L. Brunton; Bernd R. Noack; Petros Koumoutsakos,https://doi.org/10.1146/annurev-fluid-010719-060214,https://doi.org/10.1146/annurev-fluid-010719-060214,2742,green,not_extracted,not_extracted,not_extracted,not_extracted,not_extracted,not_extracted,not_extracted,not_extracted,not_extracted,not_extracted,not_extracted,not_extracted,not_extracted,not_extracted,not_extracted,indirect_discovery_metadata,pending,OpenAlex discovery hit; requires primary-source verification
W4213377513,Magnetic control of tokamak plasmas through deep reinforcement learning,2022,Nature,article,candidate_unverified,general_world_model,Q01,5,Jonas Degrave; F. Felici; Jonas Buchli; Michael Neunert; Brendan Tracey; F. Carpanese; Timo Ewalds; Roland Hafner,https://doi.org/10.1038/s41586-021-04301-9,https://doi.org/10.1038/s41586-021-04301-9,724,hybrid,not_extracted,not_extracted,not_extracted,not_extracted,not_extracted,not_extracted,not_extracted,not_extracted,not_extracted,not_extracted,not_extracted,not_extracted,not_extracted,not_extracted,not_extracted,indirect_discovery_metadata,pending,OpenAlex discovery hit; requires primary-source verification
W4362515116,A Survey of Large Language Models,2026,Frontiers of Computer Science,article,candidate_unverified,general_world_model,Q01,6,Wayne Xin Zhao; Kun Zhou; Junyi Li; Tianyi Tang; Zican Dong; Yupeng Hou; Beichen Zhang; Yingqian Min,https://doi.org/10.1007/s11704-026-60308-3,https://doi.org/10.1007/s11704-026-60308-3,1465,hybrid,not_extracted,not_extracted,not_extracted,not_extracted,not_extracted,not_extracted,not_extracted,not_extracted,not_extracted,not_extracted,not_extracted,not_extracted,not_extracted,not_extracted,not_extracted,indirect_discovery_metadata,pending,OpenAlex discovery hit; requires primary-source verification
W3121342653,"Challenges of real-world reinforcement learning: definitions, benchmarks and analysis",2021,Machine Learning,article,candidate_unverified,general_world_model,Q01,7,Gabriel Dulac-Arnold; Nir Levine; Daniel J. Mankowitz; Jerry Li; Cosmin Păduraru; Sven Gowal; Todd Hester,https://doi.org/10.1007/s10994-021-05961-4,https://doi.org/10.1007/s10994-021-05961-4,605,bronze,not_extracted,not_extracted,not_extracted,not_extracted,not_extracted,not_extracted,not_extracted,not_extracted,not_extracted,not_extracted,not_extracted,not_extracted,not_extracted,not_extracted,not_extracted,indirect_discovery_metadata,pending,OpenAlex discovery hit; requires primary-source verification
W2900152462,Learning Latent Dynamics for Planning from Pixels,2018,arXiv (Cornell University),preprint,candidate_unverified,general_world_model,Q01,8,Danijar Hafner; Timothy Lillicrap; Ian Fischer; Ruben Villegas; David Ha; Honglak Lee; James Davidson,https://doi.org/10.48550/arxiv.1811.04551,http://arxiv.org/abs/1811.04551,366,green,not_extracted,not_extracted,not_extracted,not_extracted,not_extracted,not_extracted,not_extracted,not_extracted,not_extracted,not_extracted,not_extracted,not_extracted,not_extracted,not_extracted,not_extracted,indirect_discovery_metadata,pending,OpenAlex discovery hit; requires primary-source verification
W2969525674,Multi-Agent Reinforcement Learning-Based Resource Allocation for UAV Networks,2019,IEEE Transactions on Wireless Communications,article,candidate_unverified,general_world_model,Q01,9,Jingjing Cui; Yuanwei Liu; Arumugam Nallanathan,https://doi.org/10.1109/twc.2019.2935201,https://doi.org/10.1109/twc.2019.2935201,577,hybrid,not_extracted,not_extracted,not_extracted,not_extracted,not_extracted,not_extracted,not_extracted,not_extracted,not_extracted,not_extracted,not_extracted,not_extracted,not_extracted,not_extracted,not_extracted,indirect_discovery_metadata,pending,OpenAlex discovery hit; requires primary-source verification
W4383112908,Transfer Learning in Deep Reinforcement Learning: A Survey,2023,IEEE Transactions on Pattern Analysis and Machine Intelligence,article,candidate_unverified,general_world_model,Q01,10,Zhuangdi Zhu; Kaixiang Lin; Anil K. Jain; Jiayu Zhou,https://doi.org/10.1109/tpami.2023.3292075,https://doi.org/10.1109/tpami.2023.3292075,707,green,not_extracted,not_extracted,not_extracted,not_extracted,not_extracted,not_extracted,not_extracted,not_extracted,not_extracted,not_extracted,not_extracted,not_extracted,not_extracted,not_extracted,not_extracted,indirect_discovery_metadata,pending,OpenAlex discovery hit; requires primary-source verification
W3102100346,"A review of uncertainty quantification in deep learning: Techniques, applications and challenges",2021,Information Fusion,article,candidate_unverified,general_world_model,Q01,11,Moloud Abdar; Farhad Pourpanah; Sadiq Hussain; Dana Rezazadegan; Li Liu; Mohammad Ghavamzadeh; Paul Fieguth; Xiaochun Cao,https://doi.org/10.1016/j.inffus.2021.05.008,https://doi.org/10.1016/j.inffus.2021.05.008,2562,hybrid,not_extracted,not_extracted,not_extracted,not_extracted,not_extracted,not_extracted,not_extracted,not_extracted,not_extracted,not_extracted,not_extracted,not_extracted,not_extracted,not_extracted,not_extracted,indirect_discovery_metadata,pending,OpenAlex discovery hit; requires primary-source verification
W2907537824,Learning to Walk Via Deep Reinforcement Learning,2019,not_extracted,conference-paper,candidate_unverified,general_world_model,Q01,12,Tuomas Haarnoja; Sehoon Ha; Aurick Zhou; Jie Tan; George Tucker; Sergey Levine,https://doi.org/10.15607/rss.2019.xv.011,https://doi.org/10.15607/rss.2019.xv.011,439,gold,not_extracted,not_extracted,not_extracted,not_extracted,not_extracted,not_extracted,not_extracted,not_extracted,not_extracted,not_extracted,not_extracted,not_extracted,not_extracted,not_extracted,not_extracted,indirect_discovery_metadata,pending,OpenAlex discovery hit; requires primary-source verification
W4366091323,"Deep learning modelling techniques: current progress, applications, advantages, and challenges",2023,Artificial Intelligence Review,article,candidate_unverified,general_world_model,Q01,13,Shams Forruque Ahmed; Md. Sakib Bin Alam; Maruf Hassan; Mahtabin Rodela Rozbu; Taoseef Ishtiak; Nazifa Rafa; M. Mofijur; A. B. M. Shawkat Ali,https://doi.org/10.1007/s10462-023-10466-8,https://doi.org/10.1007/s10462-023-10466-8,1020,hybrid,not_extracted,not_extracted,not_extracted,not_extracted,not_extracted,not_extracted,not_extracted,not_extracted,not_extracted,not_extracted,not_extracted,not_extracted,not_extracted,not_extracted,not_extracted,indirect_discovery_metadata,pending,OpenAlex discovery hit; requires primary-source verification
W3003667836,"Digital Twin: Values, Challenges and Enablers From a Modeling Perspective",2020,IEEE Access,article,candidate_unverified,general_world_model,Q01,14,Adil Rasheed; Omer San; Trond Kvamsdal,https://doi.org/10.1109/access.2020.2970143,https://doi.org/10.1109/access.2020.2970143,1791,gold,not_extracted,not_extracted,not_extracted,not_extracted,not_extracted,not_extracted,not_extracted,not_extracted,not_extracted,not_extracted,not_extracted,not_extracted,not_extracted,not_extracted,not_extracted,indirect_discovery_metadata,pending,OpenAlex discovery hit; requires primary-source verification
W2897661175,"Reinforcement learning for control: Performance, stability, and deep approximators",2018,Annual Reviews in Control,article,candidate_unverified,general_world_model,Q01,15,Lucian Buşoniu; Tim de Bruin; Domagoj Tolić; Jens Kober; Ivana Palunko,https://doi.org/10.1016/j.arcontrol.2018.09.005,https://doi.org/10.1016/j.arcontrol.2018.09.005,457,bronze,not_extracted,not_extracted,not_extracted,not_extracted,not_extracted,not_extracted,not_extracted,not_extracted,not_extracted,not_extracted,not_extracted,not_extracted,not_extracted,not_extracted,not_extracted,indirect_discovery_metadata,pending,OpenAlex discovery hit; requires primary-source verification
W4386285856,Champion-level drone racing using deep reinforcement learning,2023,Nature,article,candidate_unverified,general_world_model,Q01,16,Elia Kaufmann; Leonard Bauersfeld; Antonio Loquercio; Matthias Müller; Vladlen Koltun; Davide Scaramuzza,https://doi.org/10.1038/s41586-023-06419-4,https://doi.org/10.1038/s41586-023-06419-4,631,hybrid,not_extracted,not_extracted,not_extracted,not_extracted,not_extracted,not_extracted,not_extracted,not_extracted,not_extracted,not_extracted,not_extracted,not_extracted,not_extracted,not_extracted,not_extracted,indirect_discovery_metadata,pending,OpenAlex discovery hit; requires primary-source verification
W3112388352,Applications of reinforcement learning in energy systems,2020,Renewable and Sustainable Energy Reviews,article,candidate_unverified,general_world_model,Q01,17,A.T.D. Perera; Parameswaran Kamalaruban,https://doi.org/10.1016/j.rser.2020.110618,https://doi.org/10.1016/j.rser.2020.110618,404,hybrid,not_extracted,not_extracted,not_extracted,not_extracted,not_extracted,not_extracted,not_extracted,not_extracted,not_extracted,not_extracted,not_extracted,not_extracted,not_extracted,not_extracted,not_extracted,indirect_discovery_metadata,pending,OpenAlex discovery hit; requires primary-source verification
W2767050701,Sim-to-Real Transfer of Robotic Control with Dynamics Randomization,2018,not_extracted,conference-paper,candidate_unverified,general_world_model,Q01,18,Xue Bin Peng; Marcin Andrychowicz; Wojciech Zaremba; Pieter Abbeel,https://doi.org/10.1109/icra.2018.8460528,https://doi.org/10.1109/icra.2018.8460528,822,green,not_extracted,not_extracted,not_extracted,not_extracted,not_extracted,not_extracted,not_extracted,not_extracted,not_extracted,not_extracted,not_extracted,not_extracted,not_extracted,not_extracted,not_extracted,indirect_discovery_metadata,pending,OpenAlex discovery hit; requires primary-source verification
W4288039037,Scientific Machine Learning Through Physics–Informed Neural Networks: Where we are and What’s Next,2022,Journal of Scientific Computing,article,candidate_unverified,general_world_model,Q01,19,Salvatore Cuomo; Vincenzo Schiano Di Cola; Fabio Giampaolo; Gianluigi Rozza; Maziar Raissi; Francesco Piccialli,https://doi.org/10.1007/s10915-022-01939-z,https://doi.org/10.1007/s10915-022-01939-z,2512,hybrid,not_extracted,not_extracted,not_extracted,not_extracted,not_extracted,not_extracted,not_extracted,not_extracted,not_extracted,not_extracted,not_extracted,not_extracted,not_extracted,not_extracted,not_extracted,indirect_discovery_metadata,pending,OpenAlex discovery hit; requires primary-source verification
W4387195417,Diffusion Models: A Comprehensive Survey of Methods and Applications,2023,ACM Computing Surveys,article,candidate_unverified,general_world_model,Q01,20,L. Yang; Zhilong Zhang; Yang Song; Shenda Hong; Runsheng Xu; Yue Zhao; Wentao Zhang; Bin Cui,https://doi.org/10.1145/3626235,https://doi.org/10.1145/3626235,1465,bronze,not_extracted,not_extracted,not_extracted,not_extracted,not_extracted,not_extracted,not_extracted,not_extracted,not_extracted,not_extracted,not_extracted,not_extracted,not_extracted,not_extracted,not_extracted,indirect_discovery_metadata,pending,OpenAlex discovery hit; requires primary-source verification
W2968923792,Recent advances and applications of machine learning in solid-state materials science,2019,npj Computational Materials,article,candidate_unverified,general_world_model,Q01,21,Jonathan Schmidt; Mário R. G. Marques; Silvana Botti; Miguel A. L. Marques,https://doi.org/10.1038/s41524-019-0221-0,https://doi.org/10.1038/s41524-019-0221-0,2481,gold,not_extracted,not_extracted,not_extracted,not_extracted,not_extracted,not_extracted,not_extracted,not_extracted,not_extracted,not_extracted,not_extracted,not_extracted,not_extracted,not_extracted,not_extracted,indirect_discovery_metadata,pending,OpenAlex discovery hit; requires primary-source verification
W3033513666,Networks beyond pairwise interactions: Structure and dynamics,2020,Physics Reports,article,candidate_unverified,general_world_model,Q01,22,Federico Battiston; Giulia Cencetti; Iacopo Iacopini; Vito Latora; Maxime Lucas; Alice Patania; Jean-Gabriel Young; Giovanni Petri,https://doi.org/10.1016/j.physrep.2020.05.004,https://doi.org/10.1016/j.physrep.2020.05.004,1518,hybrid,not_extracted,not_extracted,not_extracted,not_extracted,not_extracted,not_extracted,not_extracted,not_extracted,not_extracted,not_extracted,not_extracted,not_extracted,not_extracted,not_extracted,not_extracted,indirect_discovery_metadata,pending,OpenAlex discovery hit; requires primary-source verification
W2805762288,Deep Reinforcement Learning in a Handful of Trials using Probabilistic Dynamics Models,2018,arXiv (Cornell University),preprint,candidate_unverified,general_world_model,Q01,23,Kurtland Chua; Roberto Calandra; Rowan McAllister; Sergey Levine,https://doi.org/10.48550/arxiv.1805.12114,http://arxiv.org/abs/1805.12114,185,green,not_extracted,not_extracted,not_extracted,not_extracted,not_extracted,not_extracted,not_extracted,not_extracted,not_extracted,not_extracted,not_extracted,not_extracted,not_extracted,not_extracted,not_extracted,indirect_discovery_metadata,pending,OpenAlex discovery hit; requires primary-source verification
W4286909924,Enhancing computational fluid dynamics with machine learning,2022,Nature Computational Science,article,candidate_unverified,general_world_model,Q01,24,Ricardo Vinuesa; Steven L. Brunton,https://doi.org/10.1038/s43588-022-00264-7,https://doi.org/10.1038/s43588-022-00264-7,564,green,not_extracted,not_extracted,not_extracted,not_extracted,not_extracted,not_extracted,not_extracted,not_extracted,not_extracted,not_extracted,not_extracted,not_extracted,not_extracted,not_extracted,not_extracted,indirect_discovery_metadata,pending,OpenAlex discovery hit; requires primary-source verification
W2942608247,Challenges of Real-World Reinforcement Learning,2019,arXiv (Cornell University),preprint,candidate_unverified,general_world_model,Q01,25,Gabriel Dulac-Arnold; Daniel J. Mankowitz; Todd Hester,https://doi.org/10.48550/arxiv.1904.12901,http://arxiv.org/abs/1904.12901,255,green,not_extracted,not_extracted,not_extracted,not_extracted,not_extracted,not_extracted,not_extracted,not_extracted,not_extracted,not_extracted,not_extracted,not_extracted,not_extracted,not_extracted,not_extracted,indirect_discovery_metadata,pending,OpenAlex discovery hit; requires primary-source verification
W4387964172,"TD-MPC2: Scalable, Robust World Models for Continuous Control",2023,arXiv (Cornell University),preprint,candidate_unverified,general_world_model,Q02,1,Nicklas Hansen; Hao Su; Xiaolong Wang,https://doi.org/10.48550/arxiv.2310.16828,http://arxiv.org/abs/2310.16828,8,green,not_extracted,not_extracted,not_extracted,not_extracted,not_extracted,not_extracted,not_extracted,not_extracted,not_extracted,not_extracted,not_extracted,not_extracted,not_extracted,not_extracted,not_extracted,indirect_discovery_metadata,pending,OpenAlex discovery hit; requires primary-source verification
W4414761065,TD-CD-MPPI: Temporal-Difference Constraint-Discounted Model Predictive Path Integral Control,2025,IEEE Robotics and Automation Letters,article,candidate_unverified,general_world_model,Q02,2,Pietro Noah Crestaz; Ludovic de Matteïs; Elliot Chane-Sane; Nicolas Mansard; Andrea Del Prete,https://doi.org/10.1109/lra.2025.3632612,https://doi.org/10.1109/lra.2025.3632612,2,green,not_extracted,not_extracted,not_extracted,not_extracted,not_extracted,not_extracted,not_extracted,not_extracted,not_extracted,not_extracted,not_extracted,not_extracted,not_extracted,not_extracted,not_extracted,indirect_discovery_metadata,pending,OpenAlex discovery hit; requires primary-source verification
W4311429168,MoDem: Accelerating Visual Model-Based Reinforcement Learning with Demonstrations,2022,arXiv (Cornell University),preprint,candidate_unverified,general_world_model,Q02,3,Nicklas Hansen; Yixin Lin; Hao Su; Xiaolong Wang; Vikash Kumar; Aravind Rajeswaran,https://doi.org/10.48550/arxiv.2212.05698,http://arxiv.org/abs/2212.05698,8,green,not_extracted,not_extracted,not_extracted,not_extracted,not_extracted,not_extracted,not_extracted,not_extracted,not_extracted,not_extracted,not_extracted,not_extracted,not_extracted,not_extracted,not_extracted,indirect_discovery_metadata,pending,OpenAlex discovery hit; requires primary-source verification
W4404623563,Model-Free versus Model-Based Reinforcement Learning for Fixed-Wing UAV Attitude Control Under Varying Wind Conditions,2024,not_extracted,conference-paper,candidate_unverified,general_world_model,Q02,4,David Olivares; Pierre Fournier; Pavan Vasishta; Julien Marzat,https://doi.org/10.5220/0012946600003822,https://doi.org/10.5220/0012946600003822,6,gold,not_extracted,not_extracted,not_extracted,not_extracted,not_extracted,not_extracted,not_extracted,not_extracted,not_extracted,not_extracted,not_extracted,not_extracted,not_extracted,not_extracted,not_extracted,indirect_discovery_metadata,pending,OpenAlex discovery hit; requires primary-source verification
W4320032345,Skill-based Model-based Reinforcement Learning,2022,arXiv (Cornell University),preprint,candidate_unverified,general_world_model,Q02,5,Lucy Xiaoyang Shi; Joseph J. Lim; Youngwoon Lee,https://doi.org/10.48550/arxiv.2207.07560,http://arxiv.org/abs/2207.07560,5,green,not_extracted,not_extracted,not_extracted,not_extracted,not_extracted,not_extracted,not_extracted,not_extracted,not_extracted,not_extracted,not_extracted,not_extracted,not_extracted,not_extracted,not_extracted,indirect_discovery_metadata,pending,OpenAlex discovery hit; requires primary-source verification
W4399152176,Hierarchical World Models as Visual Whole-Body Humanoid Controllers,2024,arXiv (Cornell University),preprint,candidate_unverified,general_world_model,Q02,6,Nicklas Hansen; S V Jyothir; Vlad Sobal; Yann LeCun; Xiaolong Wang; Hao Su,https://doi.org/10.48550/arxiv.2405.18418,http://arxiv.org/abs/2405.18418,1,green,not_extracted,not_extracted,not_extracted,not_extracted,not_extracted,not_extracted,not_extracted,not_extracted,not_extracted,not_extracted,not_extracted,not_extracted,not_extracted,not_extracted,not_extracted,indirect_discovery_metadata,pending,OpenAlex discovery hit; requires primary-source verification
W3205566932,Constrained stochastic optimal control with learned importance sampling: A path integral approach,2021,The International Journal of Robotics Research,article,candidate_unverified,general_world_model,Q02,7,Jan Carius; René Ranftl; Farbod Farshidian; Marco Hutter,https://doi.org/10.1177/02783649211047890,https://doi.org/10.1177/02783649211047890,24,hybrid,not_extracted,not_extracted,not_extracted,not_extracted,not_extracted,not_extracted,not_extracted,not_extracted,not_extracted,not_extracted,not_extracted,not_extracted,not_extracted,not_extracted,not_extracted,indirect_discovery_metadata,pending,OpenAlex discovery hit; requires primary-source verification
W3080156643,Learning Off-Policy with Online Planning,2020,arXiv (Cornell University),preprint,candidate_unverified,general_world_model,Q02,8,Harshit Sikchi; Wenxuan Zhou; David Held,https://doi.org/10.48550/arxiv.2008.10066,http://arxiv.org/abs/2008.10066,1,green,not_extracted,not_extracted,not_extracted,not_extracted,not_extracted,not_extracted,not_extracted,not_extracted,not_extracted,not_extracted,not_extracted,not_extracted,not_extracted,not_extracted,not_extracted,indirect_discovery_metadata,pending,OpenAlex discovery hit; requires primary-source verification
W4407185724,Synthesis of Model Predictive Control and Reinforcement Learning: Survey and Classification,2025,arXiv (Cornell University),preprint,candidate_unverified,general_world_model,Q02,9,"Rudolf Reiter; Jasper Hoffmann; Dirk Reinhardt; Florian Messerer; Katrin Baumgärtner; Sawant, Shamburaj; Joschka Boedecker; Moritz Diehl",https://doi.org/10.48550/arxiv.2502.02133,http://arxiv.org/abs/2502.02133,1,green,not_extracted,not_extracted,not_extracted,not_extracted,not_extracted,not_extracted,not_extracted,not_extracted,not_extracted,not_extracted,not_extracted,not_extracted,not_extracted,not_extracted,not_extracted,indirect_discovery_metadata,pending,OpenAlex discovery hit; requires primary-source verification
W4403796786,Model-Free versus Model-Based Reinforcement Learning for Fixed-Wing UAV Attitude Control Under Varying Wind Conditions,2024,arXiv (Cornell University),preprint,candidate_unverified,general_world_model,Q02,10,David Olivares; Pierre Fournier; Pavan Vasishta; Julien Marzat,https://doi.org/10.48550/arxiv.2409.17896,http://arxiv.org/abs/2409.17896,1,green,not_extracted,not_extracted,not_extracted,not_extracted,not_extracted,not_extracted,not_extracted,not_extracted,not_extracted,not_extracted,not_extracted,not_extracted,not_extracted,not_extracted,not_extracted,indirect_discovery_metadata,pending,OpenAlex discovery hit; requires primary-source verification
W4407244514,TD-M(PC)$^2$: Improving Temporal Difference MPC Through Policy Constraint,2025,arXiv (Cornell University),preprint,candidate_unverified,general_world_model,Q02,11,"Lin, Haotian; Pengcheng Wang; Jeff Schneider; Guanya Shi",https://doi.org/10.48550/arxiv.2502.03550,http://arxiv.org/abs/2502.03550,0,green,not_extracted,not_extracted,not_extracted,not_extracted,not_extracted,not_extracted,not_extracted,not_extracted,not_extracted,not_extracted,not_extracted,not_extracted,not_extracted,not_extracted,not_extracted,indirect_discovery_metadata,pending,OpenAlex discovery hit; requires primary-source verification
W4416223419,CoRL-MPPI: Enhancing MPPI With Learnable Behaviours For Efficient And Provably-Safe Multi-Robot Collision Avoidance,2025,arXiv (Cornell University),preprint,candidate_unverified,general_world_model,Q02,12,Stepan Dergachev; Artem Pshenitsyn; Aleksandr I. Panov; Alexey Skrynnik; Konstantin Yakovlev,https://doi.org/10.48550/arxiv.2511.09331,https://arxiv.org/abs/2511.09331,0,green,not_extracted,not_extracted,not_extracted,not_extracted,not_extracted,not_extracted,not_extracted,not_extracted,not_extracted,not_extracted,not_extracted,not_extracted,not_extracted,not_extracted,not_extracted,indirect_discovery_metadata,pending,OpenAlex discovery hit; requires primary-source verification
W4403663073,MPPI-Generic: A CUDA Library for Stochastic Trajectory Optimization,2024,arXiv (Cornell University),preprint,candidate_unverified,general_world_model,Q02,13,Bogdan Vlahov; Jason Gibson; Manan Gandhi; Evangelos A. Theodorou,https://doi.org/10.48550/arxiv.2409.07563,http://arxiv.org/abs/2409.07563,0,green,not_extracted,not_extracted,not_extracted,not_extracted,not_extracted,not_extracted,not_extracted,not_extracted,not_extracted,not_extracted,not_extracted,not_extracted,not_extracted,not_extracted,not_extracted,indirect_discovery_metadata,pending,OpenAlex discovery hit; requires primary-source verification
W7167290017,Valdi: Value Diffusion World Models,2026,arXiv (Cornell University),preprint,candidate_unverified,general_world_model,Q02,14,Christopher Lindenberg; Kashyap Chitta,,https://arxiv.org/abs/2607.00917,0,green,not_extracted,not_extracted,not_extracted,not_extracted,not_extracted,not_extracted,not_extracted,not_extracted,not_extracted,not_extracted,not_extracted,not_extracted,not_extracted,not_extracted,not_extracted,indirect_discovery_metadata,pending,OpenAlex discovery hit; requires primary-source verification
W7160670879,Dream-MPC: Gradient-Based Model Predictive Control with Latent Imagination,2026,arXiv (Cornell University),preprint,candidate_unverified,general_world_model,Q02,15,Jonathan Spieler; Sven Behnke,,https://arxiv.org/abs/2605.04568,0,green,not_extracted,not_extracted,not_extracted,not_extracted,not_extracted,not_extracted,not_extracted,not_extracted,not_extracted,not_extracted,not_extracted,not_extracted,not_extracted,not_extracted,not_extracted,indirect_discovery_metadata,pending,OpenAlex discovery hit; requires primary-source verification
W7149873338,Soft MPCritic: Amortized Model Predictive Value Iteration,2026,arXiv (Cornell University),preprint,candidate_unverified,general_world_model,Q02,16,Thomas Banker; Nathan P. Lawrence; Ali Mesbah,,http://arxiv.org/abs/2604.01477,0,green,not_extracted,not_extracted,not_extracted,not_extracted,not_extracted,not_extracted,not_extracted,not_extracted,not_extracted,not_extracted,not_extracted,not_extracted,not_extracted,not_extracted,not_extracted,indirect_discovery_metadata,pending,OpenAlex discovery hit; requires primary-source verification
W7164447467,MODIP: Efficient Model-Based Optimization for Diffusion Policies,2026,arXiv (Cornell University),preprint,candidate_unverified,general_world_model,Q02,17,Zakariae El Asri; Philippe Gratias-Quiquandon; Nicolas Thome; Olivier Sigaud,,https://arxiv.org/abs/2606.10825,0,green,not_extracted,not_extracted,not_extracted,not_extracted,not_extracted,not_extracted,not_extracted,not_extracted,not_extracted,not_extracted,not_extracted,not_extracted,not_extracted,not_extracted,not_extracted,indirect_discovery_metadata,pending,OpenAlex discovery hit; requires primary-source verification
W7117079299,"Learning to Plan, Planning to Learn: Adaptive Hierarchical RL-MPC for Sample-Efficient Decision Making",2025,arXiv (Cornell University),preprint,candidate_unverified,general_world_model,Q02,18,Toshiaki Hori; Jonathan DeCastro; Deepak Gopinath; Avinash Balachandran; Guy Rosman,,https://arxiv.org/abs/2512.17091,0,green,not_extracted,not_extracted,not_extracted,not_extracted,not_extracted,not_extracted,not_extracted,not_extracted,not_extracted,not_extracted,not_extracted,not_extracted,not_extracted,not_extracted,not_extracted,indirect_discovery_metadata,pending,OpenAlex discovery hit; requires primary-source verification
W7162044555,EfficientTDMPC: Improved MPC Objectives for Sample-Efficient Continuous Control,2026,arXiv (Cornell University),preprint,candidate_unverified,general_world_model,Q02,19,Thomas Evers; Cristian Meo; Wendelin Böhmer; Justin Dauwels; Yaniv Oren,,https://arxiv.org/abs/2605.16692,0,green,not_extracted,not_extracted,not_extracted,not_extracted,not_extracted,not_extracted,not_extracted,not_extracted,not_extracted,not_extracted,not_extracted,not_extracted,not_extracted,not_extracted,not_extracted,indirect_discovery_metadata,pending,OpenAlex discovery hit; requires primary-source verification
W7139143919,Simulation Distillation: Pretraining World Models in Simulation for Rapid Real-World Adaptation,2026,arXiv (Cornell University),preprint,candidate_unverified,general_world_model,Q02,20,Jacob Levy; Tyler Westenbroek; Kevin Huang; Fernando Palafox; Patrick Yin; Shayegan Omidshafiei; Dong-Ki Kim; Abhishek Gupta,,https://arxiv.org/abs/2603.15759,0,green,not_extracted,not_extracted,not_extracted,not_extracted,not_extracted,not_extracted,not_extracted,not_extracted,not_extracted,not_extracted,not_extracted,not_extracted,not_extracted,not_extracted,not_extracted,indirect_discovery_metadata,pending,OpenAlex discovery hit; requires primary-source verification
W7160726611,HaM-World: Soft-Hamiltonian World Models with Selective Memory for Planning,2026,arXiv (Cornell University),preprint,candidate_unverified,general_world_model,Q02,21,Haoyun Tang; Haodong Cui; Keyao Xu; Kun Wang; Zhandong Mei,,https://arxiv.org/abs/2605.05951,0,green,not_extracted,not_extracted,not_extracted,not_extracted,not_extracted,not_extracted,not_extracted,not_extracted,not_extracted,not_extracted,not_extracted,not_extracted,not_extracted,not_extracted,not_extracted,indirect_discovery_metadata,pending,OpenAlex discovery hit; requires primary-source verification
W7159892027,RAY-TOLD: Ray-Based Latent Dynamics for Dense Dynamic Obstacle Avoidance with TDMPC,2026,arXiv (Cornell University),preprint,candidate_unverified,general_world_model,Q02,22,Seungho Han; Seokju Lee; Jeonguk Kang,,https://arxiv.org/abs/2604.27450,0,green,not_extracted,not_extracted,not_extracted,not_extracted,not_extracted,not_extracted,not_extracted,not_extracted,not_extracted,not_extracted,not_extracted,not_extracted,not_extracted,not_extracted,not_extracted,indirect_discovery_metadata,pending,OpenAlex discovery hit; requires primary-source verification
W7169633092,The SIGReg Objective as Variational Free Energy: A Theoretical Active-Inference Account of JEPA World Models,2026,arXiv (Cornell University),preprint,candidate_unverified,general_world_model,Q02,23,Fabio Arnéz; Alexandra Gomez-Villa,,https://arxiv.org/abs/2607.13612,0,green,not_extracted,not_extracted,not_extracted,not_extracted,not_extracted,not_extracted,not_extracted,not_extracted,not_extracted,not_extracted,not_extracted,not_extracted,not_extracted,not_extracted,not_extracted,indirect_discovery_metadata,pending,OpenAlex discovery hit; requires primary-source verification
W7162218536,stable-worldmodel: A Platform for Reproducible World Modeling Research and Evaluation,2026,arXiv (Cornell University),preprint,candidate_unverified,general_world_model,Q02,24,Lucas Maes; Quentin Le Lidec; Luiz Facury; Nassim Massaudi; Ayush Chaurasia; Francesco Capuano; Rui‐Bo Gao; Taj Gillin,,https://arxiv.org/abs/2605.21800,0,green,not_extracted,not_extracted,not_extracted,not_extracted,not_extracted,not_extracted,not_extracted,not_extracted,not_extracted,not_extracted,not_extracted,not_extracted,not_extracted,not_extracted,not_extracted,indirect_discovery_metadata,pending,OpenAlex discovery hit; requires primary-source verification
W7171902213,INTACT: Isomorphic Intent-to-Action Learning for Search-Free World Models,2026,arXiv (Cornell University),preprint,candidate_unverified,general_world_model,Q02,25,Junhan Sun; Hao Zhao; Guofeng Zhang,,https://arxiv.org/abs/2607.26056,0,green,not_extracted,not_extracted,not_extracted,not_extracted,not_extracted,not_extracted,not_extracted,not_extracted,not_extracted,not_extracted,not_extracted,not_extracted,not_extracted,not_extracted,not_extracted,indirect_discovery_metadata,pending,OpenAlex discovery hit; requires primary-source verification
W4385403811,Diffusion Policy: Visuomotor Policy Learning via Action Diffusion,2023,not_extracted,conference-paper,candidate_unverified,general_world_model,Q03,1,Cheng Chi; Siyuan Feng; Yilun Du; Zhenjia Xu; Eric Cousineau; Benjamin Burchfiel; Shuran Song,https://doi.org/10.15607/rss.2023.xix.026,https://doi.org/10.15607/rss.2023.xix.026,447,gold,not_extracted,not_extracted,not_extracted,not_extracted,not_extracted,not_extracted,not_extracted,not_extracted,not_extracted,not_extracted,not_extracted,not_extracted,not_extracted,not_extracted,not_extracted,indirect_discovery_metadata,pending,OpenAlex discovery hit; requires primary-source verification
W4362515116,A Survey of Large Language Models,2026,Frontiers of Computer Science,article,candidate_unverified,general_world_model,Q03,2,Wayne Xin Zhao; Kun Zhou; Junyi Li; Tianyi Tang; Zican Dong; Yupeng Hou; Beichen Zhang; Yingqian Min,https://doi.org/10.1007/s11704-026-60308-3,https://doi.org/10.1007/s11704-026-60308-3,1465,hybrid,not_extracted,not_extracted,not_extracted,not_extracted,not_extracted,not_extracted,not_extracted,not_extracted,not_extracted,not_extracted,not_extracted,not_extracted,not_extracted,not_extracted,not_extracted,indirect_discovery_metadata,pending,OpenAlex discovery hit; requires primary-source verification
W4224220194,"Deep learning, reinforcement learning, and world models",2022,Neural Networks,article,candidate_unverified,general_world_model,Q03,3,Yutaka Matsuo; Yann LeCun; Maneesh Sahani; Doina Precup; David Silver; Masashi Sugiyama; Eiji Uchibe; Jun Morimoto,https://doi.org/10.1016/j.neunet.2022.03.037,https://doi.org/10.1016/j.neunet.2022.03.037,508,hybrid,not_extracted,not_extracted,not_extracted,not_extracted,not_extracted,not_extracted,not_extracted,not_extracted,not_extracted,not_extracted,not_extracted,not_extracted,not_extracted,not_extracted,not_extracted,indirect_discovery_metadata,pending,OpenAlex discovery hit; requires primary-source verification
W4298086991,World guidelines for falls prevention and management for older adults: a global initiative,2022,Age and Ageing,article,candidate_unverified,general_world_model,Q03,4,Manuel Montero‐Odasso; Nathalie van der Velde; Finbarr C. Martin; Mirko Petrović; Maw Pin Tan; Jesper Ryg; Sara G. Aguilar-Navarro; Neil B. Alexander,https://doi.org/10.1093/ageing/afac205,https://doi.org/10.1093/ageing/afac205,1615,hybrid,not_extracted,not_extracted,not_extracted,not_extracted,not_extracted,not_extracted,not_extracted,not_extracted,not_extracted,not_extracted,not_extracted,not_extracted,not_extracted,not_extracted,not_extracted,indirect_discovery_metadata,pending,OpenAlex discovery hit; requires primary-source verification
W2963317745,On-Line Building Energy Optimization Using Deep Reinforcement Learning,2018,IEEE Transactions on Smart Grid,article,candidate_unverified,general_world_model,Q03,5,Elena Mocanu; Decebal Constantin Mocanu; Phuong H. Nguyen; Antonio Liotta; Michael E. Webber; Madeleine Gibescu; J.G. Slootweg,https://doi.org/10.1109/tsg.2018.2834219,https://doi.org/10.1109/tsg.2018.2834219,635,green,not_extracted,not_extracted,not_extracted,not_extracted,not_extracted,not_extracted,not_extracted,not_extracted,not_extracted,not_extracted,not_extracted,not_extracted,not_extracted,not_extracted,not_extracted,indirect_discovery_metadata,pending,OpenAlex discovery hit; requires primary-source verification
W2976118977,The economic effects of trade policy uncertainty,2019,Journal of Monetary Economics,article,candidate_unverified,general_world_model,Q03,6,Dario Caldara; Matteo Iacoviello; Patrick Molligo; Andrea Prestipino; Andrea Raffo,https://doi.org/10.1016/j.jmoneco.2019.11.002,https://doi.org/10.1016/j.jmoneco.2019.11.002,650,hybrid,not_extracted,not_extracted,not_extracted,not_extracted,not_extracted,not_extracted,not_extracted,not_extracted,not_extracted,not_extracted,not_extracted,not_extracted,not_extracted,not_extracted,not_extracted,indirect_discovery_metadata,pending,OpenAlex discovery hit; requires primary-source verification
W3090789943,All you need to know about model predictive control for buildings,2020,Annual Reviews in Control,article,candidate_unverified,general_world_model,Q03,7,Ján Drgoňa; Javier Arroyo; Iago Cupeiro Figueroa; David Blum; Krzysztof Arendt; Donghun Kim; Enric Perarnau Ollé; Juraj Oravec,https://doi.org/10.1016/j.arcontrol.2020.09.001,https://doi.org/10.1016/j.arcontrol.2020.09.001,917,hybrid,not_extracted,not_extracted,not_extracted,not_extracted,not_extracted,not_extracted,not_extracted,not_extracted,not_extracted,not_extracted,not_extracted,not_extracted,not_extracted,not_extracted,not_extracted,indirect_discovery_metadata,pending,OpenAlex discovery hit; requires primary-source verification
W3013534207,Technologies and policies to decarbonize global industry: Review and assessment of mitigation drivers through 2070,2020,Applied Energy,article,candidate_unverified,general_world_model,Q03,8,Jeffrey Rissman; Chris Bataille; Eric Masanet; Nate Aden; William R. Morrow; Nan Zhou; Neal Elliott; Rebecca Dell,https://doi.org/10.1016/j.apenergy.2020.114848,https://doi.org/10.1016/j.apenergy.2020.114848,1020,hybrid,not_extracted,not_extracted,not_extracted,not_extracted,not_extracted,not_extracted,not_extracted,not_extracted,not_extracted,not_extracted,not_extracted,not_extracted,not_extracted,not_extracted,not_extracted,indirect_discovery_metadata,pending,OpenAlex discovery hit; requires primary-source verification
W2890022552,Breaking the Curse of Horizon: Infinite-Horizon Off-Policy Estimation,2018,arXiv (Cornell University),preprint,candidate_unverified,general_world_model,Q03,9,Qiang Liu; Lihong Li; Ziyang Tang; Dengyong Zhou,https://doi.org/10.48550/arxiv.1810.12429,https://arxiv.org/abs/1810.12429,107,green,not_extracted,not_extracted,not_extracted,not_extracted,not_extracted,not_extracted,not_extracted,not_extracted,not_extracted,not_extracted,not_extracted,not_extracted,not_extracted,not_extracted,not_extracted,indirect_discovery_metadata,pending,OpenAlex discovery hit; requires primary-source verification
W2998691503,"Automation, Algorithms, and Beyond: Why Work Design Matters More Than Ever in a Digital World",2019,Applied Psychology,article,candidate_unverified,general_world_model,Q03,10,Sharon K. Parker; Gudela Grote,https://doi.org/10.1111/apps.12241,https://doi.org/10.1111/apps.12241,807,hybrid,not_extracted,not_extracted,not_extracted,not_extracted,not_extracted,not_extracted,not_extracted,not_extracted,not_extracted,not_extracted,not_extracted,not_extracted,not_extracted,not_extracted,not_extracted,indirect_discovery_metadata,pending,OpenAlex discovery hit; requires primary-source verification
W3169291081,Decision Transformer: Reinforcement Learning via Sequence Modeling,2021,arXiv (Cornell University),preprint,candidate_unverified,general_world_model,Q03,11,Lili Chen; Kevin Lü; Aravind Rajeswaran; Kimin Lee; Aditya Grover; Michael Laskin; Pieter Abbeel; Aravind Srinivas,https://doi.org/10.48550/arxiv.2106.01345,http://arxiv.org/abs/2106.01345,465,green,not_extracted,not_extracted,not_extracted,not_extracted,not_extracted,not_extracted,not_extracted,not_extracted,not_extracted,not_extracted,not_extracted,not_extracted,not_extracted,not_extracted,not_extracted,indirect_discovery_metadata,pending,OpenAlex discovery hit; requires primary-source verification
W2792569820,"Green patents, regulatory policies and research network policies",2018,Research Policy,article,candidate_unverified,general_world_model,Q03,12,Andrea Fabrizi; Giulio Guarini; Valentina Meliciani,https://doi.org/10.1016/j.respol.2018.03.005,https://doi.org/10.1016/j.respol.2018.03.005,400,green,not_extracted,not_extracted,not_extracted,not_extracted,not_extracted,not_extracted,not_extracted,not_extracted,not_extracted,not_extracted,not_extracted,not_extracted,not_extracted,not_extracted,not_extracted,indirect_discovery_metadata,pending,OpenAlex discovery hit; requires primary-source verification
W4385430679,RT-1: Robotics Transformer for Real-World Control at Scale,2023,not_extracted,conference-paper,candidate_unverified,general_world_model,Q03,13,Anthony Brohan; Noah Brown; Justice Carbajal; Yevgen Chebotar; Joseph Dabis; Chelsea Finn; Keerthana Gopalakrishnan; Karol Hausman,https://doi.org/10.15607/rss.2023.xix.025,https://doi.org/10.15607/rss.2023.xix.025,563,gold,not_extracted,not_extracted,not_extracted,not_extracted,not_extracted,not_extracted,not_extracted,not_extracted,not_extracted,not_extracted,not_extracted,not_extracted,not_extracted,not_extracted,not_extracted,indirect_discovery_metadata,pending,OpenAlex discovery hit; requires primary-source verification
W3180679089,A sustainable development pathway for climate action within the UN 2030 Agenda,2021,Nature Climate Change,article,candidate_unverified,general_world_model,Q03,14,Bjoern Soergel; Elmar Kriegler; Isabelle Weindl; Sebastian Rauner; Alois Dirnaichner; Constantin Ruhe; Matthias Hofmann; Nico Bauer,https://doi.org/10.1038/s41558-021-01098-3,https://doi.org/10.1038/s41558-021-01098-3,537,bronze,not_extracted,not_extracted,not_extracted,not_extracted,not_extracted,not_extracted,not_extracted,not_extracted,not_extracted,not_extracted,not_extracted,not_extracted,not_extracted,not_extracted,not_extracted,indirect_discovery_metadata,pending,OpenAlex discovery hit; requires primary-source verification
W2784465508,Safe Exploration in Continuous Action Spaces,2018,arXiv (Cornell University),preprint,candidate_unverified,general_world_model,Q03,15,Gal Dalal; Krishnamurthy Dvijotham; Matej Vecerík; Todd Hester; Cosmin Păduraru; Yuval Tassa,https://doi.org/10.48550/arxiv.1801.08757,http://arxiv.org/abs/1801.08757,275,green,not_extracted,not_extracted,not_extracted,not_extracted,not_extracted,not_extracted,not_extracted,not_extracted,not_extracted,not_extracted,not_extracted,not_extracted,not_extracted,not_extracted,not_extracted,indirect_discovery_metadata,pending,OpenAlex discovery hit; requires primary-source verification
W3045445587,"A review of strategies for building energy management system: Model predictive control, demand side management, optimization, and fault detect &amp; diagnosis",2020,Journal of Building Engineering,article,candidate_unverified,general_world_model,Q03,16,Deyslen Mariano-Hernández; Luís Hernández-Callejo; Ángel Zorita-Lamadrid; Óscar Duque-Pérez; Félix Santos García,https://doi.org/10.1016/j.jobe.2020.101692,https://doi.org/10.1016/j.jobe.2020.101692,474,green,not_extracted,not_extracted,not_extracted,not_extracted,not_extracted,not_extracted,not_extracted,not_extracted,not_extracted,not_extracted,not_extracted,not_extracted,not_extracted,not_extracted,not_extracted,indirect_discovery_metadata,pending,OpenAlex discovery hit; requires primary-source verification
W3038822267,Model-based Reinforcement Learning: A Survey,2023,Foundations and Trends® in Machine Learning,article,candidate_unverified,general_world_model,Q03,17,Thomas M. Moerland; Joost Broekens; Aske Plaat; Catholijn M. Jonker,https://doi.org/10.1561/2200000086,https://doi.org/10.1561/2200000086,502,bronze,not_extracted,not_extracted,not_extracted,not_extracted,not_extracted,not_extracted,not_extracted,not_extracted,not_extracted,not_extracted,not_extracted,not_extracted,not_extracted,not_extracted,not_extracted,indirect_discovery_metadata,pending,OpenAlex discovery hit; requires primary-source verification
W2801749227,Data-driven model predictive control using random forests for building energy optimization and climate control,2018,Applied Energy,article,candidate_unverified,general_world_model,Q03,18,Francesco Smarra; Achin Jain; Tullio de Rubeis; Dario Ambrosini; Alessandro D’Innocenzo; Rahul Mangharam,https://doi.org/10.1016/j.apenergy.2018.02.126,https://doi.org/10.1016/j.apenergy.2018.02.126,337,green,not_extracted,not_extracted,not_extracted,not_extracted,not_extracted,not_extracted,not_extracted,not_extracted,not_extracted,not_extracted,not_extracted,not_extracted,not_extracted,not_extracted,not_extracted,indirect_discovery_metadata,pending,OpenAlex discovery hit; requires primary-source verification
W2788388592,Continual lifelong learning with neural networks: A review,2019,Neural Networks,article,candidate_unverified,general_world_model,Q03,19,German I. Parisi; Ronald Kemker; Jose L. Part; Christopher Kanan; Stefan Wermter,https://doi.org/10.1016/j.neunet.2019.01.012,https://doi.org/10.1016/j.neunet.2019.01.012,3094,hybrid,not_extracted,not_extracted,not_extracted,not_extracted,not_extracted,not_extracted,not_extracted,not_extracted,not_extracted,not_extracted,not_extracted,not_extracted,not_extracted,not_extracted,not_extracted,indirect_discovery_metadata,pending,OpenAlex discovery hit; requires primary-source verification
W3214625971,Climate change and COP26: Are digital technologies and information management part of the problem or the solution? An editorial reflection and call to action,2021,International Journal of Information Management,editorial,candidate_unverified,general_world_model,Q03,20,Yogesh K. Dwivedi; Laurie Hughes; Arpan Kumar Kar; Abdullah M. Baabdullah; Purva Grover; Roba Abbas; Daniela Andreini; Iyad Abumoghli,https://doi.org/10.1016/j.ijinfomgt.2021.102456,https://doi.org/10.1016/j.ijinfomgt.2021.102456,737,hybrid,not_extracted,not_extracted,not_extracted,not_extracted,not_extracted,not_extracted,not_extracted,not_extracted,not_extracted,not_extracted,not_extracted,not_extracted,not_extracted,not_extracted,not_extracted,indirect_discovery_metadata,pending,OpenAlex discovery hit; requires primary-source verification
W3121342653,"Challenges of real-world reinforcement learning: definitions, benchmarks and analysis",2021,Machine Learning,article,candidate_unverified,general_world_model,Q03,21,Gabriel Dulac-Arnold; Nir Levine; Daniel J. Mankowitz; Jerry Li; Cosmin Păduraru; Sven Gowal; Todd Hester,https://doi.org/10.1007/s10994-021-05961-4,https://doi.org/10.1007/s10994-021-05961-4,605,bronze,not_extracted,not_extracted,not_extracted,not_extracted,not_extracted,not_extracted,not_extracted,not_extracted,not_extracted,not_extracted,not_extracted,not_extracted,not_extracted,not_extracted,not_extracted,indirect_discovery_metadata,pending,OpenAlex discovery hit; requires primary-source verification
W3121324692,Innovation and Trade Policy in a Globalized World,2018,National Bureau of Economic Research,report,candidate_unverified,general_world_model,Q03,22,Ufuk Akcigit; Sina T. Ates; Giammario Impullitti,https://doi.org/10.3386/w24543,https://doi.org/10.3386/w24543,89,green,not_extracted,not_extracted,not_extracted,not_extracted,not_extracted,not_extracted,not_extracted,not_extracted,not_extracted,not_extracted,not_extracted,not_extracted,not_extracted,not_extracted,not_extracted,indirect_discovery_metadata,pending,OpenAlex discovery hit; requires primary-source verification
W3192381394,"Industrial decarbonization via hydrogen: A critical and systematic review of developments, socio-technical systems and policy options",2021,Energy Research & Social Science,review,candidate_unverified,general_world_model,Q03,23,Steve Griffiths; Benjamin K. Sovacool; Jinsoo Kim; Morgan Bazilian; Joao M. Uratani,https://doi.org/10.1016/j.erss.2021.102208,https://doi.org/10.1016/j.erss.2021.102208,572,gold,not_extracted,not_extracted,not_extracted,not_extracted,not_extracted,not_extracted,not_extracted,not_extracted,not_extracted,not_extracted,not_extracted,not_extracted,not_extracted,not_extracted,not_extracted,indirect_discovery_metadata,pending,OpenAlex discovery hit; requires primary-source verification
W4220886639,"Residential Demand Side Management model, optimization and future perspective: A review",2022,Energy Reports,article,candidate_unverified,general_world_model,Q03,24,Subhasis Panda; Sarthak Mohanty; Pravat Kumar Rout; Binod Kumar Sahu; Mohit Bajaj; Hossam M. Zawbaa; Salah Kamel,https://doi.org/10.1016/j.egyr.2022.02.300,https://doi.org/10.1016/j.egyr.2022.02.300,216,gold,not_extracted,not_extracted,not_extracted,not_extracted,not_extracted,not_extracted,not_extracted,not_extracted,not_extracted,not_extracted,not_extracted,not_extracted,not_extracted,not_extracted,not_extracted,indirect_discovery_metadata,pending,OpenAlex discovery hit; requires primary-source verification
W3158260560,Joint condition-based maintenance and condition-based production optimization,2021,Reliability Engineering & System Safety,article,candidate_unverified,general_world_model,Q03,25,Michiel A.J. uit het Broek; Ruud Teunter; Bram de Jonge; Jasper Veldman,https://doi.org/10.1016/j.ress.2021.107743,https://doi.org/10.1016/j.ress.2021.107743,79,hybrid,not_extracted,not_extracted,not_extracted,not_extracted,not_extracted,not_extracted,not_extracted,not_extracted,not_extracted,not_extracted,not_extracted,not_extracted,not_extracted,not_extracted,not_extracted,indirect_discovery_metadata,pending,OpenAlex discovery hit; requires primary-source verification
W4205300464,Reinforced model predictive control (RL-MPC) for building energy management,2022,Applied Energy,article,candidate_unverified,general_world_model,Q04,1,Javier Arroyo; Carlo Manna; Fred Spiessens; Lieve Helsen,https://doi.org/10.1016/j.apenergy.2021.118346,https://doi.org/10.1016/j.apenergy.2021.118346,239,hybrid,not_extracted,not_extracted,not_extracted,not_extracted,not_extracted,not_extracted,not_extracted,not_extracted,not_extracted,not_extracted,not_extracted,not_extracted,not_extracted,not_extracted,not_extracted,indirect_discovery_metadata,pending,OpenAlex discovery hit; requires primary-source verification
W3101813639,Gnu-RL: A Practical and Scalable Reinforcement Learning Solution for Building HVAC Control Using a Differentiable MPC Policy,2020,Frontiers in Built Environment,article,candidate_unverified,general_world_model,Q04,2,Bingqing Chen; Zicheng Cai; Mario Bergés,https://doi.org/10.3389/fbuil.2020.562239,https://doi.org/10.3389/fbuil.2020.562239,50,gold,not_extracted,not_extracted,not_extracted,not_extracted,not_extracted,not_extracted,not_extracted,not_extracted,not_extracted,not_extracted,not_extracted,not_extracted,not_extracted,not_extracted,not_extracted,indirect_discovery_metadata,pending,OpenAlex discovery hit; requires primary-source verification
W4411735734,Understanding World or Predicting Future? A Comprehensive Survey of World Models,2025,ACM Computing Surveys,article,candidate_unverified,general_world_model,Q04,3,Jingtao Ding; Yunke Zhang; Yu Shang; Y. Zhang; Zefang Zong; Jie Feng; Yuan Yuan; Hongyuan Su,https://doi.org/10.1145/3746449,https://doi.org/10.1145/3746449,38,hybrid,not_extracted,not_extracted,not_extracted,not_extracted,not_extracted,not_extracted,not_extracted,not_extracted,not_extracted,not_extracted,not_extracted,not_extracted,not_extracted,not_extracted,not_extracted,indirect_discovery_metadata,pending,OpenAlex discovery hit; requires primary-source verification
W4414198610,Vision-Language-Action Models for Robotics: A Review Towards Real-World Applications,2025,IEEE Access,article,candidate_unverified,general_world_model,Q04,4,Kento Kawaharazuka; Jihoon Oh; Jun Yamada; Ingmar Posner; Yuke Zhu,https://doi.org/10.1109/access.2025.3609980,https://doi.org/10.1109/access.2025.3609980,43,gold,not_extracted,not_extracted,not_extracted,not_extracted,not_extracted,not_extracted,not_extracted,not_extracted,not_extracted,not_extracted,not_extracted,not_extracted,not_extracted,not_extracted,not_extracted,indirect_discovery_metadata,pending,OpenAlex discovery hit; requires primary-source verification
W3119193881,Model-free perimeter metering control for two-region urban networks using deep reinforcement learning,2021,Transportation Research Part C Emerging Technologies,article,candidate_unverified,general_world_model,Q04,5,Dongqin Zhou; Vikash V. Gayah,https://doi.org/10.1016/j.trc.2020.102949,https://doi.org/10.1016/j.trc.2020.102949,62,green,not_extracted,not_extracted,not_extracted,not_extracted,not_extracted,not_extracted,not_extracted,not_extracted,not_extracted,not_extracted,not_extracted,not_extracted,not_extracted,not_extracted,not_extracted,indirect_discovery_metadata,pending,OpenAlex discovery hit; requires primary-source verification
W4407170305,Trajectory World Models for Heterogeneous Environments,2025,arXiv (Cornell University),preprint,candidate_unverified,general_world_model,Q04,6,"Yin, Shaofeng; Jialong Wu; Huang, Siqiao; Xinpei Su; Xu He; Jianye Hao; Mingsheng Long",https://doi.org/10.48550/arxiv.2502.01366,http://arxiv.org/abs/2502.01366,1,green,not_extracted,not_extracted,not_extracted,not_extracted,not_extracted,not_extracted,not_extracted,not_extracted,not_extracted,not_extracted,not_extracted,not_extracted,not_extracted,not_extracted,not_extracted,indirect_discovery_metadata,pending,OpenAlex discovery hit; requires primary-source verification
W2985363569,Gnu-RL,2019,not_extracted,conference-paper,candidate_unverified,general_world_model,Q04,7,Bingqing Chen; Zicheng Cai; Mario Bergés,https://doi.org/10.1145/3360322.3360849,https://doi.org/10.1145/3360322.3360849,137,gold,not_extracted,not_extracted,not_extracted,not_extracted,not_extracted,not_extracted,not_extracted,not_extracted,not_extracted,not_extracted,not_extracted,not_extracted,not_extracted,not_extracted,not_extracted,indirect_discovery_metadata,pending,OpenAlex discovery hit; requires primary-source verification
W4388685466,Large Language Models for Robotics: A Survey,2023,arXiv (Cornell University),preprint,candidate_unverified,general_world_model,Q04,8,"Fanlong Zeng; Wensheng Gan; Huai, Zezheng; Sun, Lichao; Chen, Hechang; Wang, Yongheng; Liu, Ning; Yu, Philip S.",https://doi.org/10.48550/arxiv.2311.07226,http://arxiv.org/abs/2311.07226,38,green,not_extracted,not_extracted,not_extracted,not_extracted,not_extracted,not_extracted,not_extracted,not_extracted,not_extracted,not_extracted,not_extracted,not_extracted,not_extracted,not_extracted,not_extracted,indirect_discovery_metadata,pending,OpenAlex discovery hit; requires primary-source verification
W4410291923,"Foundation models and intelligent decision-making: Progress, challenges, and perspectives",2025,The Innovation,article,candidate_unverified,general_world_model,Q04,9,Jincai Huang; Yongjun Xu; Qi Wang; Qi Wang; Xingxing Liang; Fei Wang; Zhao Zhang; Wei Wei,https://doi.org/10.1016/j.xinn.2025.100948,https://doi.org/10.1016/j.xinn.2025.100948,47,gold,not_extracted,not_extracted,not_extracted,not_extracted,not_extracted,not_extracted,not_extracted,not_extracted,not_extracted,not_extracted,not_extracted,not_extracted,not_extracted,not_extracted,not_extracted,indirect_discovery_metadata,pending,OpenAlex discovery hit; requires primary-source verification
W4221108045,Comparison of Optimal Control Techniques for Building Energy Management,2022,Frontiers in Built Environment,article,candidate_unverified,general_world_model,Q04,10,Javier Arroyo; Fred Spiessens; Lieve Helsen,https://doi.org/10.3389/fbuil.2022.849754,https://doi.org/10.3389/fbuil.2022.849754,32,gold,not_extracted,not_extracted,not_extracted,not_extracted,not_extracted,not_extracted,not_extracted,not_extracted,not_extracted,not_extracted,not_extracted,not_extracted,not_extracted,not_extracted,not_extracted,indirect_discovery_metadata,pending,OpenAlex discovery hit; requires primary-source verification
W4389820524,Toward General-Purpose Robots via Foundation Models: A Survey and Meta-Analysis,2023,arXiv (Cornell University),preprint,candidate_unverified,general_world_model,Q04,11,Yafei Hu; Quanting Xie; Vidhi Jain; Jonathan Francis; Jay Patrikar; Nikhil Keetha; Seungchan Kim; Yaqi Xie,https://doi.org/10.48550/arxiv.2312.08782,http://arxiv.org/abs/2312.08782,26,green,not_extracted,not_extracted,not_extracted,not_extracted,not_extracted,not_extracted,not_extracted,not_extracted,not_extracted,not_extracted,not_extracted,not_extracted,not_extracted,not_extracted,not_extracted,indirect_discovery_metadata,pending,OpenAlex discovery hit; requires primary-source verification
W4402354128,SEEK: Semantic Reasoning for Object Goal Navigation in Real World Inspection Tasks,2024,not_extracted,conference-paper,candidate_unverified,general_world_model,Q04,12,Muhammad Fadhil Ginting; Sung Kyun Kim; David Fan; Matteo Palieri; Mykel J. Kochenderfer; Ali–akbar Agha–mohammadi,https://doi.org/10.15607/rss.2024.xx.024,https://doi.org/10.15607/rss.2024.xx.024,18,gold,not_extracted,not_extracted,not_extracted,not_extracted,not_extracted,not_extracted,not_extracted,not_extracted,not_extracted,not_extracted,not_extracted,not_extracted,not_extracted,not_extracted,not_extracted,indirect_discovery_metadata,pending,OpenAlex discovery hit; requires primary-source verification
W4396869735,Prospective Role of Foundation Models in Advancing Autonomous Vehicles,2024,Research,article,candidate_unverified,general_world_model,Q04,13,Jianhua Wu; Bingzhao Gao; Jincheng Gao; Jianhao Yu; Hongqing Chu; Qiankun Yu; Xun Gong; Yi Chang,https://doi.org/10.34133/research.0399,https://doi.org/10.34133/research.0399,16,gold,not_extracted,not_extracted,not_extracted,not_extracted,not_extracted,not_extracted,not_extracted,not_extracted,not_extracted,not_extracted,not_extracted,not_extracted,not_extracted,not_extracted,not_extracted,indirect_discovery_metadata,pending,OpenAlex discovery hit; requires primary-source verification
W4293772383,Visually-guided motion planning for autonomous driving from interactive demonstrations,2022,Engineering Applications of Artificial Intelligence,article,candidate_unverified,general_world_model,Q04,14,Rodrigo Pérez‐Dattari; Bruno Brito; Oscar de Groot; Jens Kober; Javier Alonso–Mora,https://doi.org/10.1016/j.engappai.2022.105277,https://doi.org/10.1016/j.engappai.2022.105277,15,hybrid,not_extracted,not_extracted,not_extracted,not_extracted,not_extracted,not_extracted,not_extracted,not_extracted,not_extracted,not_extracted,not_extracted,not_extracted,not_extracted,not_extracted,not_extracted,indirect_discovery_metadata,pending,OpenAlex discovery hit; requires primary-source verification
W4388369965,LLM4Drive: A Survey of Large Language Models for Autonomous Driving,2023,arXiv (Cornell University),preprint,candidate_unverified,general_world_model,Q04,15,Zhenjie Yang; Xiaosong Jia; Hongyang Li; Junchi Yan,https://doi.org/10.48550/arxiv.2311.01043,http://arxiv.org/abs/2311.01043,19,green,not_extracted,not_extracted,not_extracted,not_extracted,not_extracted,not_extracted,not_extracted,not_extracted,not_extracted,not_extracted,not_extracted,not_extracted,not_extracted,not_extracted,not_extracted,indirect_discovery_metadata,pending,OpenAlex discovery hit; requires primary-source verification
W4398796510,A Survey on Vision--Language--Action Models for Embodied AI,2026,IEEE Transactions on Neural Networks and Learning Systems,article,candidate_unverified,general_world_model,Q04,16,Yueen Ma; Zixing Song; Yuzheng Zhuang; Jianye Hao; Irwin King,https://doi.org/10.1109/tnnls.2025.3650584,https://doi.org/10.1109/tnnls.2025.3650584,17,green,not_extracted,not_extracted,not_extracted,not_extracted,not_extracted,not_extracted,not_extracted,not_extracted,not_extracted,not_extracted,not_extracted,not_extracted,not_extracted,not_extracted,not_extracted,indirect_discovery_metadata,pending,OpenAlex discovery hit; requires primary-source verification
W4411154614,Recent Advances in Multi-Agent Reinforcement Learning for Intelligent Automation and Control of Water Environment Systems,2025,Machines,article,candidate_unverified,general_world_model,Q04,17,Lei Jia; Yan Pei,https://doi.org/10.3390/machines13060503,https://doi.org/10.3390/machines13060503,22,gold,not_extracted,not_extracted,not_extracted,not_extracted,not_extracted,not_extracted,not_extracted,not_extracted,not_extracted,not_extracted,not_extracted,not_extracted,not_extracted,not_extracted,not_extracted,indirect_discovery_metadata,pending,OpenAlex discovery hit; requires primary-source verification
W4286250636,Next-generation energy systems for sustainable smart cities: Roles of transfer learning,2022,Sustainable Cities and Society,article,candidate_unverified,general_world_model,Q04,18,Yassine Himeur; Mariam Elnour; Fodil Fadli; Nader Meskin; Ioan Petri; Yacine Rezgui; Fayçal Bensaali; Abbes Amira,https://doi.org/10.1016/j.scs.2022.104059,https://doi.org/10.1016/j.scs.2022.104059,121,hybrid,not_extracted,not_extracted,not_extracted,not_extracted,not_extracted,not_extracted,not_extracted,not_extracted,not_extracted,not_extracted,not_extracted,not_extracted,not_extracted,not_extracted,not_extracted,indirect_discovery_metadata,pending,OpenAlex discovery hit; requires primary-source verification
W4404132114,Learning Controllers for Continuum Soft Manipulators: Impact of Modeling and Looming Challenges,2024,Advanced Intelligent Systems,article,candidate_unverified,general_world_model,Q04,19,Egidio Falotico; Enrico Donato; Carlo Alessi; Elisa Setti; Muhammad Sunny Nazeer; Camilla Agabiti; Daniele Caradonna; Diego Bianchi,https://doi.org/10.1002/aisy.202400344,https://doi.org/10.1002/aisy.202400344,15,gold,not_extracted,not_extracted,not_extracted,not_extracted,not_extracted,not_extracted,not_extracted,not_extracted,not_extracted,not_extracted,not_extracted,not_extracted,not_extracted,not_extracted,not_extracted,indirect_discovery_metadata,pending,OpenAlex discovery hit; requires primary-source verification
W4309208391,"Physics-Informed Machine Learning: A Survey on Problems, Methods and Applications",2022,arXiv (Cornell University),preprint,candidate_unverified,general_world_model,Q04,20,Zhongkai Hao; Songming Liu; Yichi Zhang; Chengyang Ying; Feng Yao; Hang Su; Jun Zhu,https://doi.org/10.48550/arxiv.2211.08064,http://arxiv.org/abs/2211.08064,91,green,not_extracted,not_extracted,not_extracted,not_extracted,not_extracted,not_extracted,not_extracted,not_extracted,not_extracted,not_extracted,not_extracted,not_extracted,not_extracted,not_extracted,not_extracted,indirect_discovery_metadata,pending,OpenAlex discovery hit; requires primary-source verification
W7152541147,C-TRAIL: A Commonsense World Framework for Trajectory Planning in Autonomous Driving,2026,IEEE Transactions on Vehicular Technology,article,candidate_unverified,general_world_model,Q04,21,Zhihong Cui; Haoran Tang; Tianyi Li; Yushuai Li; Peiyuan Guan; Amir Taherkordi; Tor Skeie,https://doi.org/10.1109/tvt.2026.3682668,https://doi.org/10.1109/tvt.2026.3682668,2,green,not_extracted,not_extracted,not_extracted,not_extracted,not_extracted,not_extracted,not_extracted,not_extracted,not_extracted,not_extracted,not_extracted,not_extracted,not_extracted,not_extracted,not_extracted,indirect_discovery_metadata,pending,OpenAlex discovery hit; requires primary-source verification
W4395065101,A Survey on the Memory Mechanism of Large Language Model based Agents,2024,arXiv (Cornell University),preprint,candidate_unverified,general_world_model,Q04,22,Zeyu Zhang; Xiaohe Bo; Chen Ma; Rui Li; Xu Chen; Quanyu Dai; Jieming Zhu; Zhenhua Dong,https://doi.org/10.48550/arxiv.2404.13501,http://arxiv.org/abs/2404.13501,11,green,not_extracted,not_extracted,not_extracted,not_extracted,not_extracted,not_extracted,not_extracted,not_extracted,not_extracted,not_extracted,not_extracted,not_extracted,not_extracted,not_extracted,not_extracted,indirect_discovery_metadata,pending,OpenAlex discovery hit; requires primary-source verification
W7117727181,Machine Learning for Energy Management in Buildings: A Systematic Review on Real-World Applications,2025,Energies,review,candidate_unverified,general_world_model,Q04,23,Panagiotis Michailidis; Federico Minelli; Iakovos Michailidis; Mehmet Kurucan; Hasan Hüseyin Çoban; Elias B. Kosmatopoulos,https://doi.org/10.3390/en19010219,https://doi.org/10.3390/en19010219,7,gold,not_extracted,not_extracted,not_extracted,not_extracted,not_extracted,not_extracted,not_extracted,not_extracted,not_extracted,not_extracted,not_extracted,not_extracted,not_extracted,not_extracted,not_extracted,indirect_discovery_metadata,pending,OpenAlex discovery hit; requires primary-source verification
W4385430650,Fast Traversability Estimation for Wild Visual Navigation,2023,not_extracted,conference-paper,candidate_unverified,general_world_model,Q04,24,Jonas Frey; Matías Mattamala; Nived Chebrolu; César Cadena; Maurice Fallon; Marco Hutter,https://doi.org/10.15607/rss.2023.xix.054,https://doi.org/10.15607/rss.2023.xix.054,70,gold,not_extracted,not_extracted,not_extracted,not_extracted,not_extracted,not_extracted,not_extracted,not_extracted,not_extracted,not_extracted,not_extracted,not_extracted,not_extracted,not_extracted,not_extracted,indirect_discovery_metadata,pending,OpenAlex discovery hit; requires primary-source verification
W7119666760,"Vehicle Trajectory Prediction for Autonomous Driving Applications: State-of-the-Art Review, Research Challenges, and Future Directions",2026,Automotive Innovation,article,candidate_unverified,general_world_model,Q04,25,Yongjun Yan; Peng Zhang; Chao Du; Hongliang Wang; Hao Wang; Dawei Pi; Ye-Hwa Chen,https://doi.org/10.1007/s42154-025-00382-8,https://doi.org/10.1007/s42154-025-00382-8,6,hybrid,not_extracted,not_extracted,not_extracted,not_extracted,not_extracted,not_extracted,not_extracted,not_extracted,not_extracted,not_extracted,not_extracted,not_extracted,not_extracted,not_extracted,not_extracted,indirect_discovery_metadata,pending,OpenAlex discovery hit; requires primary-source verification
W3135028703,"Machine Learning: Algorithms, Real-World Applications and Research Directions",2021,SN Computer Science,article,candidate_unverified,tsc_model_based,Q05,1,Iqbal H. Sarker,https://doi.org/10.1007/s42979-021-00592-x,https://doi.org/10.1007/s42979-021-00592-x,5262,bronze,not_extracted,not_extracted,not_extracted,not_extracted,not_extracted,not_extracted,not_extracted,not_extracted,not_extracted,not_extracted,not_extracted,not_extracted,not_extracted,not_extracted,not_extracted,indirect_discovery_metadata,pending,OpenAlex discovery hit; requires primary-source verification
W2998187693,Toward A Thousand Lights: Decentralized Deep Reinforcement Learning for Large-Scale Traffic Signal Control,2020,Proceedings of the AAAI Conference on Artificial Intelligence,conference-paper,candidate_unverified,tsc_model_based,Q05,2,Chacha Chen; Hua Wei; Nan Xu; Guanjie Zheng; Ming Yang; Yuanhao Xiong; Kai Xu; Zhenhui Li,https://doi.org/10.1609/aaai.v34i04.5744,https://doi.org/10.1609/aaai.v34i04.5744,402,diamond,not_extracted,not_extracted,not_extracted,not_extracted,not_extracted,not_extracted,not_extracted,not_extracted,not_extracted,not_extracted,not_extracted,not_extracted,not_extracted,not_extracted,not_extracted,indirect_discovery_metadata,pending,OpenAlex discovery hit; requires primary-source verification
W4224220194,"Deep learning, reinforcement learning, and world models",2022,Neural Networks,article,candidate_unverified,tsc_model_based,Q05,3,Yutaka Matsuo; Yann LeCun; Maneesh Sahani; Doina Precup; David Silver; Masashi Sugiyama; Eiji Uchibe; Jun Morimoto,https://doi.org/10.1016/j.neunet.2022.03.037,https://doi.org/10.1016/j.neunet.2022.03.037,508,hybrid,not_extracted,not_extracted,not_extracted,not_extracted,not_extracted,not_extracted,not_extracted,not_extracted,not_extracted,not_extracted,not_extracted,not_extracted,not_extracted,not_extracted,not_extracted,indirect_discovery_metadata,pending,OpenAlex discovery hit; requires primary-source verification
W3123082711,Recent Advances in Reinforcement Learning for Traffic Signal Control,2021,ACM SIGKDD Explorations Newsletter,article,candidate_unverified,tsc_model_based,Q05,4,Hua Wei; Guanjie Zheng; Vikash V. Gayah; Zhenhui Li,https://doi.org/10.1145/3447556.3447565,https://doi.org/10.1145/3447556.3447565,219,closed,not_extracted,not_extracted,not_extracted,not_extracted,not_extracted,not_extracted,not_extracted,not_extracted,not_extracted,not_extracted,not_extracted,not_extracted,not_extracted,not_extracted,not_extracted,indirect_discovery_metadata,pending,OpenAlex discovery hit; requires primary-source verification
W3100366369,An Introduction to Deep Reinforcement Learning,2018,Foundations and Trends® in Machine Learning,article,candidate_unverified,tsc_model_based,Q05,5,Vincent François-Lavet; Peter Henderson; Riashat Islam; Marc G. Bellemare; Joëlle Pineau,https://doi.org/10.1561/2200000071,https://doi.org/10.1561/2200000071,1277,green,not_extracted,not_extracted,not_extracted,not_extracted,not_extracted,not_extracted,not_extracted,not_extracted,not_extracted,not_extracted,not_extracted,not_extracted,not_extracted,not_extracted,not_extracted,indirect_discovery_metadata,pending,OpenAlex discovery hit; requires primary-source verification
W2998332605,MetaLight: Value-Based Meta-Reinforcement Learning for Traffic Signal Control,2020,Proceedings of the AAAI Conference on Artificial Intelligence,conference-paper,candidate_unverified,tsc_model_based,Q05,6,Xinshi Zang; Huaxiu Yao; Guanjie Zheng; Nan Xu; Kai Xu; Zhenhui Li,https://doi.org/10.1609/aaai.v34i01.5467,https://doi.org/10.1609/aaai.v34i01.5467,166,diamond,not_extracted,not_extracted,not_extracted,not_extracted,not_extracted,not_extracted,not_extracted,not_extracted,not_extracted,not_extracted,not_extracted,not_extracted,not_extracted,not_extracted,not_extracted,indirect_discovery_metadata,pending,OpenAlex discovery hit; requires primary-source verification
W3140854437,"Review of deep learning: concepts, CNN architectures, challenges, applications, future directions",2021,Journal Of Big Data,article,candidate_unverified,tsc_model_based,Q05,7,Laith Alzubaidi; Jinglan Zhang; Amjad J. Humaidi; Ayad Q. Al-Dujaili; Ye Duan; Omran Al-Shamma; José Santamaría; Mohammed A. Fadhel,https://doi.org/10.1186/s40537-021-00444-8,https://doi.org/10.1186/s40537-021-00444-8,7749,gold,not_extracted,not_extracted,not_extracted,not_extracted,not_extracted,not_extracted,not_extracted,not_extracted,not_extracted,not_extracted,not_extracted,not_extracted,not_extracted,not_extracted,not_extracted,indirect_discovery_metadata,pending,OpenAlex discovery hit; requires primary-source verification
W2811198925,A Review of the Self-Adaptive Traffic Signal Control System Based on Future Traffic Environment,2018,Journal of Advanced Transportation,article,candidate_unverified,tsc_model_based,Q05,8,Yizhe Wang; Xiaoguang Yang; Hailun Liang; Yangdong Liu,https://doi.org/10.1155/2018/1096123,https://doi.org/10.1155/2018/1096123,205,gold,not_extracted,not_extracted,not_extracted,not_extracted,not_extracted,not_extracted,not_extracted,not_extracted,not_extracted,not_extracted,not_extracted,not_extracted,not_extracted,not_extracted,not_extracted,indirect_discovery_metadata,pending,OpenAlex discovery hit; requires primary-source verification
W3133741656,Network-wide traffic signal control optimization using a multi-agent deep reinforcement learning,2021,Transportation Research Part C Emerging Technologies,article,candidate_unverified,tsc_model_based,Q05,9,Zhenning Li; Hao Yu; Guohui Zhang; Shangjia Dong; Chengzhong Xu,https://doi.org/10.1016/j.trc.2021.103059,https://doi.org/10.1016/j.trc.2021.103059,165,green,not_extracted,not_extracted,not_extracted,not_extracted,not_extracted,not_extracted,not_extracted,not_extracted,not_extracted,not_extracted,not_extracted,not_extracted,not_extracted,not_extracted,not_extracted,indirect_discovery_metadata,pending,OpenAlex discovery hit; requires primary-source verification
W3156295478,Multi-agent deep reinforcement learning: a survey,2021,Artificial Intelligence Review,article,candidate_unverified,tsc_model_based,Q05,10,Sven Gronauer; Klaus Diepold,https://doi.org/10.1007/s10462-021-09996-w,https://doi.org/10.1007/s10462-021-09996-w,882,hybrid,not_extracted,not_extracted,not_extracted,not_extracted,not_extracted,not_extracted,not_extracted,not_extracted,not_extracted,not_extracted,not_extracted,not_extracted,not_extracted,not_extracted,not_extracted,indirect_discovery_metadata,pending,OpenAlex discovery hit; requires primary-source verification
W3149839747,Ensemble deep learning: A review,2022,Engineering Applications of Artificial Intelligence,article,candidate_unverified,tsc_model_based,Q05,11,M. A. Ganaie; Minghui Hu; A. K. Malik; M. Tanveer; Ponnuthurai Nagaratnam Suganthan,https://doi.org/10.1016/j.engappai.2022.105151,https://doi.org/10.1016/j.engappai.2022.105151,2109,bronze,not_extracted,not_extracted,not_extracted,not_extracted,not_extracted,not_extracted,not_extracted,not_extracted,not_extracted,not_extracted,not_extracted,not_extracted,not_extracted,not_extracted,not_extracted,indirect_discovery_metadata,pending,OpenAlex discovery hit; requires primary-source verification
W4383112908,Transfer Learning in Deep Reinforcement Learning: A Survey,2023,IEEE Transactions on Pattern Analysis and Machine Intelligence,article,candidate_unverified,tsc_model_based,Q05,12,Zhuangdi Zhu; Kaixiang Lin; Anil K. Jain; Jiayu Zhou,https://doi.org/10.1109/tpami.2023.3292075,https://doi.org/10.1109/tpami.2023.3292075,707,green,not_extracted,not_extracted,not_extracted,not_extracted,not_extracted,not_extracted,not_extracted,not_extracted,not_extracted,not_extracted,not_extracted,not_extracted,not_extracted,not_extracted,not_extracted,indirect_discovery_metadata,pending,OpenAlex discovery hit; requires primary-source verification
W3194730353,"Deep Learning: A Comprehensive Overview on Techniques, Taxonomy, Applications and Research Directions",2021,SN Computer Science,article,candidate_unverified,tsc_model_based,Q05,13,Iqbal H. Sarker,https://doi.org/10.1007/s42979-021-00815-1,https://doi.org/10.1007/s42979-021-00815-1,2495,bronze,not_extracted,not_extracted,not_extracted,not_extracted,not_extracted,not_extracted,not_extracted,not_extracted,not_extracted,not_extracted,not_extracted,not_extracted,not_extracted,not_extracted,not_extracted,indirect_discovery_metadata,pending,OpenAlex discovery hit; requires primary-source verification
W3198724651,A Deep Reinforcement Learning Approach to Traffic Signal Control With Temporal Traffic Pattern Mining,2021,IEEE Transactions on Intelligent Transportation Systems,article,candidate_unverified,tsc_model_based,Q05,14,Dongfang Ma; Bin Zhou; Xiang Song; Hanwen Dai,https://doi.org/10.1109/tits.2021.3107258,https://doi.org/10.1109/tits.2021.3107258,100,closed,not_extracted,not_extracted,not_extracted,not_extracted,not_extracted,not_extracted,not_extracted,not_extracted,not_extracted,not_extracted,not_extracted,not_extracted,not_extracted,not_extracted,not_extracted,indirect_discovery_metadata,pending,OpenAlex discovery hit; requires primary-source verification
W4386142022,Interpreting Black-Box Models: A Review on Explainable Artificial Intelligence,2023,Cognitive Computation,article,candidate_unverified,tsc_model_based,Q05,15,Vikas Hassija; Vinay Chamola; Atmesh Mahapatra; Abhinandan Singal; Divyansh Goel; Kaizhu Huang; Simone Scardapane; Indro Spinelli,https://doi.org/10.1007/s12559-023-10179-8,https://doi.org/10.1007/s12559-023-10179-8,1884,hybrid,not_extracted,not_extracted,not_extracted,not_extracted,not_extracted,not_extracted,not_extracted,not_extracted,not_extracted,not_extracted,not_extracted,not_extracted,not_extracted,not_extracted,not_extracted,indirect_discovery_metadata,pending,OpenAlex discovery hit; requires primary-source verification
W3035721219,Application of Deep Reinforcement Learning in Traffic Signal Control: An Overview and Impact of Open Traffic Data,2020,Applied Sciences,article,candidate_unverified,tsc_model_based,Q05,16,Martin Gregurić; Miroslav Vujić; Charalampos Alexopoulos; Mladen Miletić,https://doi.org/10.3390/app10114011,https://doi.org/10.3390/app10114011,99,gold,not_extracted,not_extracted,not_extracted,not_extracted,not_extracted,not_extracted,not_extracted,not_extracted,not_extracted,not_extracted,not_extracted,not_extracted,not_extracted,not_extracted,not_extracted,indirect_discovery_metadata,pending,OpenAlex discovery hit; requires primary-source verification
W4220899555,Reinforcement learning in urban network traffic signal control: A systematic literature review,2022,Expert Systems with Applications,review,candidate_unverified,tsc_model_based,Q05,17,Mohammad Noaeen; Atharva Naik; Liana Goodman; Jared Crebo; Taimoor Abrar; Zahra Shakeri Hossein Abad; Ana L. C. Bazzan; Behrouz H. Far,https://doi.org/10.1016/j.eswa.2022.116830,https://doi.org/10.1016/j.eswa.2022.116830,233,hybrid,not_extracted,not_extracted,not_extracted,not_extracted,not_extracted,not_extracted,not_extracted,not_extracted,not_extracted,not_extracted,not_extracted,not_extracted,not_extracted,not_extracted,not_extracted,indirect_discovery_metadata,pending,OpenAlex discovery hit; requires primary-source verification
W4366091323,"Deep learning modelling techniques: current progress, applications, advantages, and challenges",2023,Artificial Intelligence Review,article,candidate_unverified,tsc_model_based,Q05,18,Shams Forruque Ahmed; Md. Sakib Bin Alam; Maruf Hassan; Mahtabin Rodela Rozbu; Taoseef Ishtiak; Nazifa Rafa; M. Mofijur; A. B. M. Shawkat Ali,https://doi.org/10.1007/s10462-023-10466-8,https://doi.org/10.1007/s10462-023-10466-8,1020,hybrid,not_extracted,not_extracted,not_extracted,not_extracted,not_extracted,not_extracted,not_extracted,not_extracted,not_extracted,not_extracted,not_extracted,not_extracted,not_extracted,not_extracted,not_extracted,indirect_discovery_metadata,pending,OpenAlex discovery hit; requires primary-source verification
W2969525674,Multi-Agent Reinforcement Learning-Based Resource Allocation for UAV Networks,2019,IEEE Transactions on Wireless Communications,article,candidate_unverified,tsc_model_based,Q05,19,Jingjing Cui; Yuanwei Liu; Arumugam Nallanathan,https://doi.org/10.1109/twc.2019.2935201,https://doi.org/10.1109/twc.2019.2935201,577,hybrid,not_extracted,not_extracted,not_extracted,not_extracted,not_extracted,not_extracted,not_extracted,not_extracted,not_extracted,not_extracted,not_extracted,not_extracted,not_extracted,not_extracted,not_extracted,indirect_discovery_metadata,pending,OpenAlex discovery hit; requires primary-source verification
W3102100346,"A review of uncertainty quantification in deep learning: Techniques, applications and challenges",2021,Information Fusion,article,candidate_unverified,tsc_model_based,Q05,20,Moloud Abdar; Farhad Pourpanah; Sadiq Hussain; Dana Rezazadegan; Li Liu; Mohammad Ghavamzadeh; Paul Fieguth; Xiaochun Cao,https://doi.org/10.1016/j.inffus.2021.05.008,https://doi.org/10.1016/j.inffus.2021.05.008,2562,hybrid,not_extracted,not_extracted,not_extracted,not_extracted,not_extracted,not_extracted,not_extracted,not_extracted,not_extracted,not_extracted,not_extracted,not_extracted,not_extracted,not_extracted,not_extracted,indirect_discovery_metadata,pending,OpenAlex discovery hit; requires primary-source verification
W3096632704,Deep Reinforcement Learning for Traffic Signal Control: A Review,2020,IEEE Access,article,candidate_unverified,tsc_model_based,Q05,21,Faizan Rasheed; Kok‐Lim Alvin Yau; Rafidah Md Noor; Celimuge Wu; Yeh-Ching Low,https://doi.org/10.1109/access.2020.3034141,https://doi.org/10.1109/access.2020.3034141,162,gold,not_extracted,not_extracted,not_extracted,not_extracted,not_extracted,not_extracted,not_extracted,not_extracted,not_extracted,not_extracted,not_extracted,not_extracted,not_extracted,not_extracted,not_extracted,indirect_discovery_metadata,pending,OpenAlex discovery hit; requires primary-source verification
W4225716729,"AI-Based Modeling: Techniques, Applications and Research Issues Towards Automation, Intelligent and Smart Systems",2022,SN Computer Science,article,candidate_unverified,tsc_model_based,Q05,22,Iqbal H. Sarker,https://doi.org/10.1007/s42979-022-01043-x,https://doi.org/10.1007/s42979-022-01043-x,1129,hybrid,not_extracted,not_extracted,not_extracted,not_extracted,not_extracted,not_extracted,not_extracted,not_extracted,not_extracted,not_extracted,not_extracted,not_extracted,not_extracted,not_extracted,not_extracted,indirect_discovery_metadata,pending,OpenAlex discovery hit; requires primary-source verification
W3003667836,"Digital Twin: Values, Challenges and Enablers From a Modeling Perspective",2020,IEEE Access,article,candidate_unverified,tsc_model_based,Q05,23,Adil Rasheed; Omer San; Trond Kvamsdal,https://doi.org/10.1109/access.2020.2970143,https://doi.org/10.1109/access.2020.2970143,1791,gold,not_extracted,not_extracted,not_extracted,not_extracted,not_extracted,not_extracted,not_extracted,not_extracted,not_extracted,not_extracted,not_extracted,not_extracted,not_extracted,not_extracted,not_extracted,indirect_discovery_metadata,pending,OpenAlex discovery hit; requires primary-source verification
W3112388352,Applications of reinforcement learning in energy systems,2020,Renewable and Sustainable Energy Reviews,article,candidate_unverified,tsc_model_based,Q05,24,A.T.D. Perera; Parameswaran Kamalaruban,https://doi.org/10.1016/j.rser.2020.110618,https://doi.org/10.1016/j.rser.2020.110618,404,hybrid,not_extracted,not_extracted,not_extracted,not_extracted,not_extracted,not_extracted,not_extracted,not_extracted,not_extracted,not_extracted,not_extracted,not_extracted,not_extracted,not_extracted,not_extracted,indirect_discovery_metadata,pending,OpenAlex discovery hit; requires primary-source verification
W2926701059,Deep Learning Approach for Intelligent Intrusion Detection System,2019,IEEE Access,article,candidate_unverified,tsc_model_based,Q05,25,R. Vinayakumar; Mamoun Alazab; K. P. Soman; Prabaharan Poornachandran; Ameer Al-Nemrat; Sitalakshmi Venkatraman,https://doi.org/10.1109/access.2019.2895334,https://doi.org/10.1109/access.2019.2895334,1851,gold,not_extracted,not_extracted,not_extracted,not_extracted,not_extracted,not_extracted,not_extracted,not_extracted,not_extracted,not_extracted,not_extracted,not_extracted,not_extracted,not_extracted,not_extracted,indirect_discovery_metadata,pending,OpenAlex discovery hit; requires primary-source verification
W4360584316,"A Survey on Offline Reinforcement Learning: Taxonomy, Review, and Open Problems",2023,IEEE Transactions on Neural Networks and Learning Systems,article,candidate_unverified,tsc_model_based,Q06,1,Rafael Figueiredo Prudencio; Marcos R. O. A. Máximo; Esther Luna Colombini,https://doi.org/10.1109/tnnls.2023.3250269,https://doi.org/10.1109/tnnls.2023.3250269,314,hybrid,not_extracted,not_extracted,not_extracted,not_extracted,not_extracted,not_extracted,not_extracted,not_extracted,not_extracted,not_extracted,not_extracted,not_extracted,not_extracted,not_extracted,not_extracted,indirect_discovery_metadata,pending,OpenAlex discovery hit; requires primary-source verification
W4388320480,Leveraging reinforcement learning for dynamic traffic control: A survey and challenges for field implementation,2023,Communications in Transportation Research,article,candidate_unverified,tsc_model_based,Q06,2,Yu Han; Meng Wang; Ludovic Leclercq,https://doi.org/10.1016/j.commtr.2023.100104,https://doi.org/10.1016/j.commtr.2023.100104,106,gold,not_extracted,not_extracted,not_extracted,not_extracted,not_extracted,not_extracted,not_extracted,not_extracted,not_extracted,not_extracted,not_extracted,not_extracted,not_extracted,not_extracted,not_extracted,indirect_discovery_metadata,pending,OpenAlex discovery hit; requires primary-source verification
W3003533476,Deep Reinforcement Learning for Autonomous Driving: A Survey,2021,IEEE Transactions on Intelligent Transportation Systems,article,candidate_unverified,tsc_model_based,Q06,3,Bangalore Ravi Kiran; Ibrahim Sobh; Victor Talpaert; Patrick Mannion; Ahmad A. Al Sallab; Senthil Yogamani; Patrick Pérez,https://doi.org/10.1109/tits.2021.3054625,https://doi.org/10.1109/tits.2021.3054625,203,green,not_extracted,not_extracted,not_extracted,not_extracted,not_extracted,not_extracted,not_extracted,not_extracted,not_extracted,not_extracted,not_extracted,not_extracted,not_extracted,not_extracted,not_extracted,indirect_discovery_metadata,pending,OpenAlex discovery hit; requires primary-source verification
W4393763811,"Survey on Large Language Model-Enhanced Reinforcement Learning: Concept, Taxonomy, and Methods",2024,IEEE Transactions on Neural Networks and Learning Systems,article,candidate_unverified,tsc_model_based,Q06,4,Yuji Cao; Huan Zhao; Yuheng Cheng; Ting Shu; Yue Chen; Guolong Liu; Gaoqi Liang; Junhua Zhao,https://doi.org/10.1109/tnnls.2024.3497992,https://doi.org/10.1109/tnnls.2024.3497992,135,green,not_extracted,not_extracted,not_extracted,not_extracted,not_extracted,not_extracted,not_extracted,not_extracted,not_extracted,not_extracted,not_extracted,not_extracted,not_extracted,not_extracted,not_extracted,indirect_discovery_metadata,pending,OpenAlex discovery hit; requires primary-source verification
W4388191662,Ensemble reinforcement learning: A survey,2023,Applied Soft Computing,article,candidate_unverified,tsc_model_based,Q06,5,Yanjie Song; Ponnuthurai Nagaratnam Suganthan; Witold Pedrycz; Junwei Ou; Yong‐Ming He; Yingwu Chen; Yutong Wu,https://doi.org/10.1016/j.asoc.2023.110975,https://doi.org/10.1016/j.asoc.2023.110975,57,green,not_extracted,not_extracted,not_extracted,not_extracted,not_extracted,not_extracted,not_extracted,not_extracted,not_extracted,not_extracted,not_extracted,not_extracted,not_extracted,not_extracted,not_extracted,indirect_discovery_metadata,pending,OpenAlex discovery hit; requires primary-source verification
W4221141443,"A Survey on Offline Reinforcement Learning: Taxonomy, Review, and Open Problems",2022,arXiv (Cornell University),preprint,candidate_unverified,tsc_model_based,Q06,6,Rafael Figueiredo Prudencio; Marcos R. O. A. Máximo; Esther Luna Colombini,https://doi.org/10.48550/arxiv.2203.01387,http://arxiv.org/abs/2203.01387,31,green,not_extracted,not_extracted,not_extracted,not_extracted,not_extracted,not_extracted,not_extracted,not_extracted,not_extracted,not_extracted,not_extracted,not_extracted,not_extracted,not_extracted,not_extracted,indirect_discovery_metadata,pending,OpenAlex discovery hit; requires primary-source verification
W4401863796,CrossLight: Offline-to-Online Reinforcement Learning for Cross-City Traffic Signal Control,2024,not_extracted,conference-paper,candidate_unverified,tsc_model_based,Q06,7,Sun Qian; Rui Zha; Le Zhang; Jingbo Zhou; Yu Mei; Zhiling Li; Hui Xiong,https://doi.org/10.1145/3637528.3671927,https://doi.org/10.1145/3637528.3671927,11,gold,not_extracted,not_extracted,not_extracted,not_extracted,not_extracted,not_extracted,not_extracted,not_extracted,not_extracted,not_extracted,not_extracted,not_extracted,not_extracted,not_extracted,not_extracted,indirect_discovery_metadata,pending,OpenAlex discovery hit; requires primary-source verification
W4410084552,Advances in reinforcement learning for traffic signal control: a review of recent progress,2024,Intelligent Transportation Infrastructure,article,candidate_unverified,tsc_model_based,Q06,8,Xiao Feng; Jiaming Lu; Lu Li; Wenwen Tu; Chaojing Li,https://doi.org/10.1093/iti/liaf009,https://doi.org/10.1093/iti/liaf009,16,diamond,not_extracted,not_extracted,not_extracted,not_extracted,not_extracted,not_extracted,not_extracted,not_extracted,not_extracted,not_extracted,not_extracted,not_extracted,not_extracted,not_extracted,not_extracted,indirect_discovery_metadata,pending,OpenAlex discovery hit; requires primary-source verification
W4226427877,Offline Reinforcement Learning for Road Traffic Control,2022,arXiv (Cornell University),preprint,candidate_unverified,tsc_model_based,Q06,9,Mayuresh Kunjir; Sanjay Chawla,https://doi.org/10.48550/arxiv.2201.02381,http://arxiv.org/abs/2201.02381,1,green,not_extracted,not_extracted,not_extracted,not_extracted,not_extracted,not_extracted,not_extracted,not_extracted,not_extracted,not_extracted,not_extracted,not_extracted,not_extracted,not_extracted,not_extracted,indirect_discovery_metadata,pending,OpenAlex discovery hit; requires primary-source verification
W4385568064,Optimizing Traffic Control with Model-Based Learning: A Pessimistic Approach to Data-Efficient Policy Inference,2023,not_extracted,conference-paper,candidate_unverified,tsc_model_based,Q06,10,Mayuresh Kunjir; Sanjay Chawla; Siddarth Chandrasekar; Devika Jay; Balaraman Ravindran,https://doi.org/10.1145/3580305.3599459,https://doi.org/10.1145/3580305.3599459,4,gold,not_extracted,not_extracted,not_extracted,not_extracted,not_extracted,not_extracted,not_extracted,not_extracted,not_extracted,not_extracted,not_extracted,not_extracted,not_extracted,not_extracted,not_extracted,indirect_discovery_metadata,pending,OpenAlex discovery hit; requires primary-source verification
W4224570743,Reinforcement Learning in Practice: Opportunities and Challenges,2022,arXiv (Cornell University),preprint,candidate_unverified,tsc_model_based,Q06,11,Yuxi Li,https://doi.org/10.48550/arxiv.2202.11296,http://arxiv.org/abs/2202.11296,18,green,not_extracted,not_extracted,not_extracted,not_extracted,not_extracted,not_extracted,not_extracted,not_extracted,not_extracted,not_extracted,not_extracted,not_extracted,not_extracted,not_extracted,not_extracted,indirect_discovery_metadata,pending,OpenAlex discovery hit; requires primary-source verification
W4386590772,Bi-Level Adaptive Storage Expansion Strategy for Microgrids Using Deep Reinforcement Learning,2023,IEEE Transactions on Smart Grid,article,candidate_unverified,tsc_model_based,Q06,12,Bin Huang; Tianqiao Zhao; Meng Yue; Jianhui Wang,https://doi.org/10.1109/tsg.2023.3312225,https://doi.org/10.1109/tsg.2023.3312225,35,green,not_extracted,not_extracted,not_extracted,not_extracted,not_extracted,not_extracted,not_extracted,not_extracted,not_extracted,not_extracted,not_extracted,not_extracted,not_extracted,not_extracted,not_extracted,indirect_discovery_metadata,pending,OpenAlex discovery hit; requires primary-source verification
W4283764803,"Deep learning in the stock market—a systematic survey of practice, backtesting, and applications",2022,Artificial Intelligence Review,article,candidate_unverified,tsc_model_based,Q06,13,Kenniy Olorunnimbe; Herna L. Viktor,https://doi.org/10.1007/s10462-022-10226-0,https://doi.org/10.1007/s10462-022-10226-0,127,hybrid,not_extracted,not_extracted,not_extracted,not_extracted,not_extracted,not_extracted,not_extracted,not_extracted,not_extracted,not_extracted,not_extracted,not_extracted,not_extracted,not_extracted,not_extracted,indirect_discovery_metadata,pending,OpenAlex discovery hit; requires primary-source verification
W4378619997,Bridging adaptive management and reinforcement learning for more robust decisions,2023,Philosophical Transactions of the Royal Society B Biological Sciences,article,candidate_unverified,tsc_model_based,Q06,14,Melissa Chapman; Lily Xu; Marcus Lapeyrolerie; Carl Boettiger,https://doi.org/10.1098/rstb.2022.0195,https://doi.org/10.1098/rstb.2022.0195,26,bronze,not_extracted,not_extracted,not_extracted,not_extracted,not_extracted,not_extracted,not_extracted,not_extracted,not_extracted,not_extracted,not_extracted,not_extracted,not_extracted,not_extracted,not_extracted,indirect_discovery_metadata,pending,OpenAlex discovery hit; requires primary-source verification
W4321161785,Constrained Decision Transformer for Offline Safe Reinforcement Learning,2023,arXiv (Cornell University),preprint,candidate_unverified,tsc_model_based,Q06,15,Zuxin Liu; Zijian Guo; Yihang Yao; Zhepeng Cen; Wenhao Yu; Tingnan Zhang; Ding Zhao,https://doi.org/10.48550/arxiv.2302.07351,http://arxiv.org/abs/2302.07351,8,green,not_extracted,not_extracted,not_extracted,not_extracted,not_extracted,not_extracted,not_extracted,not_extracted,not_extracted,not_extracted,not_extracted,not_extracted,not_extracted,not_extracted,not_extracted,indirect_discovery_metadata,pending,OpenAlex discovery hit; requires primary-source verification
W4382300197,Comfort-Oriented Motion Planning for Automated Vehicles Using Deep Reinforcement Learning,2023,IEEE Open Journal of Intelligent Transportation Systems,article,candidate_unverified,tsc_model_based,Q06,16,Nishant Rajesh; Yanggu Zheng; Barys Shyrokau,https://doi.org/10.1109/ojits.2023.3275275,https://doi.org/10.1109/ojits.2023.3275275,28,gold,not_extracted,not_extracted,not_extracted,not_extracted,not_extracted,not_extracted,not_extracted,not_extracted,not_extracted,not_extracted,not_extracted,not_extracted,not_extracted,not_extracted,not_extracted,indirect_discovery_metadata,pending,OpenAlex discovery hit; requires primary-source verification
W4402378055,Domain generalization through meta-learning: a survey,2024,Artificial Intelligence Review,article,candidate_unverified,tsc_model_based,Q06,17,Arsham Gholamzadeh Khoee; Yinan Yu; Robert Feldt,https://doi.org/10.1007/s10462-024-10922-z,https://doi.org/10.1007/s10462-024-10922-z,88,hybrid,not_extracted,not_extracted,not_extracted,not_extracted,not_extracted,not_extracted,not_extracted,not_extracted,not_extracted,not_extracted,not_extracted,not_extracted,not_extracted,not_extracted,not_extracted,indirect_discovery_metadata,pending,OpenAlex discovery hit; requires primary-source verification
W4382318590,Reward Poisoning Attacks on Offline Multi-Agent Reinforcement Learning,2023,Proceedings of the AAAI Conference on Artificial Intelligence,conference-paper,candidate_unverified,tsc_model_based,Q06,18,Young Wu; Jeremy McMahan; Xiaojin Zhu; Qiaomin Xie,https://doi.org/10.1609/aaai.v37i9.26240,https://doi.org/10.1609/aaai.v37i9.26240,7,diamond,not_extracted,not_extracted,not_extracted,not_extracted,not_extracted,not_extracted,not_extracted,not_extracted,not_extracted,not_extracted,not_extracted,not_extracted,not_extracted,not_extracted,not_extracted,indirect_discovery_metadata,pending,OpenAlex discovery hit; requires primary-source verification
W4409284501,"Reinforcement learning for healthcare operations management: methodological framework, recent developments, and future research directions",2025,Health Care Management Science,article,candidate_unverified,tsc_model_based,Q06,19,Qihao Wu; Jiangxue Han; Yimo Yan; Yong‐Hong Kuo; Zuo‐Jun Max Shen,https://doi.org/10.1007/s10729-025-09699-6,https://doi.org/10.1007/s10729-025-09699-6,27,hybrid,not_extracted,not_extracted,not_extracted,not_extracted,not_extracted,not_extracted,not_extracted,not_extracted,not_extracted,not_extracted,not_extracted,not_extracted,not_extracted,not_extracted,not_extracted,indirect_discovery_metadata,pending,OpenAlex discovery hit; requires primary-source verification
W4380079157,Transmission Control in NB-IoT With Model-Based Reinforcement Learning,2023,IEEE Access,article,candidate_unverified,tsc_model_based,Q06,20,Juan J. Alcaraz; Fernando Losilla; Francisco J. González‐Castaño,https://doi.org/10.1109/access.2023.3284990,https://doi.org/10.1109/access.2023.3284990,5,gold,not_extracted,not_extracted,not_extracted,not_extracted,not_extracted,not_extracted,not_extracted,not_extracted,not_extracted,not_extracted,not_extracted,not_extracted,not_extracted,not_extracted,not_extracted,indirect_discovery_metadata,pending,OpenAlex discovery hit; requires primary-source verification
W4311033210,UMBRELLA: Uncertainty-Aware Model-Based Offline Reinforcement Learning\n Leveraging Planning,2021,arXiv (Cornell University),preprint,candidate_unverified,tsc_model_based,Q06,21,Christopher Diehl; Timo Sievernich; Martin Krüger; Frank Hoffmann; Torsten Bertram,https://doi.org/10.48550/arxiv.2111.11097,http://arxiv.org/abs/2111.11097,3,green,not_extracted,not_extracted,not_extracted,not_extracted,not_extracted,not_extracted,not_extracted,not_extracted,not_extracted,not_extracted,not_extracted,not_extracted,not_extracted,not_extracted,not_extracted,indirect_discovery_metadata,pending,OpenAlex discovery hit; requires primary-source verification
W3085854604,Simulation pipeline for traffic evacuation in urban areas and emergency traffic management policy improvements through case studies,2020,Transportation Research Interdisciplinary Perspectives,article,candidate_unverified,tsc_model_based,Q06,22,Yu Chen; Yu Chen; S. Yusef Shafi; Yi-fan Chen; Yi-fan Chen,https://doi.org/10.1016/j.trip.2020.100210,https://doi.org/10.1016/j.trip.2020.100210,39,gold,not_extracted,not_extracted,not_extracted,not_extracted,not_extracted,not_extracted,not_extracted,not_extracted,not_extracted,not_extracted,not_extracted,not_extracted,not_extracted,not_extracted,not_extracted,indirect_discovery_metadata,pending,OpenAlex discovery hit; requires primary-source verification
W4324297891,Deploying Offline Reinforcement Learning with Human Feedback,2023,arXiv (Cornell University),preprint,candidate_unverified,tsc_model_based,Q06,23,Ziniu Li; Ke Xu; Liu Liu; Lanqing Li; Deheng Ye; Peilin Zhao,https://doi.org/10.48550/arxiv.2303.07046,http://arxiv.org/abs/2303.07046,2,green,not_extracted,not_extracted,not_extracted,not_extracted,not_extracted,not_extracted,not_extracted,not_extracted,not_extracted,not_extracted,not_extracted,not_extracted,not_extracted,not_extracted,not_extracted,indirect_discovery_metadata,pending,OpenAlex discovery hit; requires primary-source verification
W4389116469,A Fully Data-Driven Approach for Realistic Traffic Signal Control Using Offline Reinforcement Learning,2023,arXiv (Cornell University),preprint,candidate_unverified,tsc_model_based,Q06,24,Jianxiong Li; Shichao Lin; Tianyu Shi; Chujie Tian; Mei Yu; Jian Song; Xianyuan Zhan; Ruimin Li,https://doi.org/10.48550/arxiv.2311.15920,http://arxiv.org/abs/2311.15920,1,green,not_extracted,not_extracted,not_extracted,not_extracted,not_extracted,not_extracted,not_extracted,not_extracted,not_extracted,not_extracted,not_extracted,not_extracted,not_extracted,not_extracted,not_extracted,indirect_discovery_metadata,pending,OpenAlex discovery hit; requires primary-source verification
W4383468900,Causal Reinforcement Learning: A Survey,2023,arXiv (Cornell University),preprint,candidate_unverified,tsc_model_based,Q06,25,Zhi‐Hong Deng; Jing Jiang; Guodong Long; Chengqi Zhang,https://doi.org/10.48550/arxiv.2307.01452,http://arxiv.org/abs/2307.01452,6,green,not_extracted,not_extracted,not_extracted,not_extracted,not_extracted,not_extracted,not_extracted,not_extracted,not_extracted,not_extracted,not_extracted,not_extracted,not_extracted,not_extracted,not_extracted,indirect_discovery_metadata,pending,OpenAlex discovery hit; requires primary-source verification
W3100366369,An Introduction to Deep Reinforcement Learning,2018,Foundations and Trends® in Machine Learning,article,candidate_unverified,tsc_model_based,Q07,1,Vincent François-Lavet; Peter Henderson; Riashat Islam; Marc G. Bellemare; Joëlle Pineau,https://doi.org/10.1561/2200000071,https://doi.org/10.1561/2200000071,1277,green,not_extracted,not_extracted,not_extracted,not_extracted,not_extracted,not_extracted,not_extracted,not_extracted,not_extracted,not_extracted,not_extracted,not_extracted,not_extracted,not_extracted,not_extracted,indirect_discovery_metadata,pending,OpenAlex discovery hit; requires primary-source verification
W4224220194,"Deep learning, reinforcement learning, and world models",2022,Neural Networks,article,candidate_unverified,tsc_model_based,Q07,2,Yutaka Matsuo; Yann LeCun; Maneesh Sahani; Doina Precup; David Silver; Masashi Sugiyama; Eiji Uchibe; Jun Morimoto,https://doi.org/10.1016/j.neunet.2022.03.037,https://doi.org/10.1016/j.neunet.2022.03.037,508,hybrid,not_extracted,not_extracted,not_extracted,not_extracted,not_extracted,not_extracted,not_extracted,not_extracted,not_extracted,not_extracted,not_extracted,not_extracted,not_extracted,not_extracted,not_extracted,indirect_discovery_metadata,pending,OpenAlex discovery hit; requires primary-source verification
W3135588948,Toward Causal Representation Learning,2021,Proceedings of the IEEE,article,candidate_unverified,tsc_model_based,Q07,3,Bernhard Schölkopf; Francesco Locatello; Stefan Bauer; Nan Rosemary Ke; Nal Kalchbrenner; Anirudh Goyal; Yoshua Bengio,https://doi.org/10.1109/jproc.2021.3058954,https://doi.org/10.1109/jproc.2021.3058954,1081,hybrid,not_extracted,not_extracted,not_extracted,not_extracted,not_extracted,not_extracted,not_extracted,not_extracted,not_extracted,not_extracted,not_extracted,not_extracted,not_extracted,not_extracted,not_extracted,indirect_discovery_metadata,pending,OpenAlex discovery hit; requires primary-source verification
W3156295478,Multi-agent deep reinforcement learning: a survey,2021,Artificial Intelligence Review,article,candidate_unverified,tsc_model_based,Q07,4,Sven Gronauer; Klaus Diepold,https://doi.org/10.1007/s10462-021-09996-w,https://doi.org/10.1007/s10462-021-09996-w,882,hybrid,not_extracted,not_extracted,not_extracted,not_extracted,not_extracted,not_extracted,not_extracted,not_extracted,not_extracted,not_extracted,not_extracted,not_extracted,not_extracted,not_extracted,not_extracted,indirect_discovery_metadata,pending,OpenAlex discovery hit; requires primary-source verification
W4383112908,Transfer Learning in Deep Reinforcement Learning: A Survey,2023,IEEE Transactions on Pattern Analysis and Machine Intelligence,article,candidate_unverified,tsc_model_based,Q07,5,Zhuangdi Zhu; Kaixiang Lin; Anil K. Jain; Jiayu Zhou,https://doi.org/10.1109/tpami.2023.3292075,https://doi.org/10.1109/tpami.2023.3292075,707,green,not_extracted,not_extracted,not_extracted,not_extracted,not_extracted,not_extracted,not_extracted,not_extracted,not_extracted,not_extracted,not_extracted,not_extracted,not_extracted,not_extracted,not_extracted,indirect_discovery_metadata,pending,OpenAlex discovery hit; requires primary-source verification
W3102100346,"A review of uncertainty quantification in deep learning: Techniques, applications and challenges",2021,Information Fusion,article,candidate_unverified,tsc_model_based,Q07,6,Moloud Abdar; Farhad Pourpanah; Sadiq Hussain; Dana Rezazadegan; Li Liu; Mohammad Ghavamzadeh; Paul Fieguth; Xiaochun Cao,https://doi.org/10.1016/j.inffus.2021.05.008,https://doi.org/10.1016/j.inffus.2021.05.008,2562,hybrid,not_extracted,not_extracted,not_extracted,not_extracted,not_extracted,not_extracted,not_extracted,not_extracted,not_extracted,not_extracted,not_extracted,not_extracted,not_extracted,not_extracted,not_extracted,indirect_discovery_metadata,pending,OpenAlex discovery hit; requires primary-source verification
W3112388352,Applications of reinforcement learning in energy systems,2020,Renewable and Sustainable Energy Reviews,article,candidate_unverified,tsc_model_based,Q07,7,A.T.D. Perera; Parameswaran Kamalaruban,https://doi.org/10.1016/j.rser.2020.110618,https://doi.org/10.1016/j.rser.2020.110618,404,hybrid,not_extracted,not_extracted,not_extracted,not_extracted,not_extracted,not_extracted,not_extracted,not_extracted,not_extracted,not_extracted,not_extracted,not_extracted,not_extracted,not_extracted,not_extracted,indirect_discovery_metadata,pending,OpenAlex discovery hit; requires primary-source verification
W4386142022,Interpreting Black-Box Models: A Review on Explainable Artificial Intelligence,2023,Cognitive Computation,article,candidate_unverified,tsc_model_based,Q07,8,Vikas Hassija; Vinay Chamola; Atmesh Mahapatra; Abhinandan Singal; Divyansh Goel; Kaizhu Huang; Simone Scardapane; Indro Spinelli,https://doi.org/10.1007/s12559-023-10179-8,https://doi.org/10.1007/s12559-023-10179-8,1884,hybrid,not_extracted,not_extracted,not_extracted,not_extracted,not_extracted,not_extracted,not_extracted,not_extracted,not_extracted,not_extracted,not_extracted,not_extracted,not_extracted,not_extracted,not_extracted,indirect_discovery_metadata,pending,OpenAlex discovery hit; requires primary-source verification
W2905173465,ChauffeurNet: Learning to Drive by Imitating the Best and Synthesizing the Worst,2019,not_extracted,conference-paper,candidate_unverified,tsc_model_based,Q07,9,Mayank Bansal; Alex Krizhevsky; Abhijit S. Ogale,https://doi.org/10.15607/rss.2019.xv.031,https://doi.org/10.15607/rss.2019.xv.031,703,gold,not_extracted,not_extracted,not_extracted,not_extracted,not_extracted,not_extracted,not_extracted,not_extracted,not_extracted,not_extracted,not_extracted,not_extracted,not_extracted,not_extracted,not_extracted,indirect_discovery_metadata,pending,OpenAlex discovery hit; requires primary-source verification
W3006087551,Informed Machine Learning - A Taxonomy and Survey of Integrating Prior Knowledge into Learning Systems,2021,IEEE Transactions on Knowledge and Data Engineering,article,candidate_unverified,tsc_model_based,Q07,10,Laura von Rueden; Sebastian Mayer; Katharina Beckh; Bogdan Georgiev; Sven Giesselbach; Raoul Heese; Birgit Kirsch; Michał Walczak,https://doi.org/10.1109/tkde.2021.3079836,https://doi.org/10.1109/tkde.2021.3079836,795,hybrid,not_extracted,not_extracted,not_extracted,not_extracted,not_extracted,not_extracted,not_extracted,not_extracted,not_extracted,not_extracted,not_extracted,not_extracted,not_extracted,not_extracted,not_extracted,indirect_discovery_metadata,pending,OpenAlex discovery hit; requires primary-source verification
W3099098707,A Gentle Introduction to Reinforcement Learning and its Application in Different Fields,2020,IEEE Access,article,candidate_unverified,tsc_model_based,Q07,11,Muddasar Naeem; Syed Tahir Hussain Rizvi; Antonio Coronato,https://doi.org/10.1109/access.2020.3038605,https://doi.org/10.1109/access.2020.3038605,248,gold,not_extracted,not_extracted,not_extracted,not_extracted,not_extracted,not_extracted,not_extracted,not_extracted,not_extracted,not_extracted,not_extracted,not_extracted,not_extracted,not_extracted,not_extracted,indirect_discovery_metadata,pending,OpenAlex discovery hit; requires primary-source verification
W4210916416,Tackling Climate Change with Machine Learning,2022,OPUS 4 (Zuse Institute Berlin),article,candidate_unverified,tsc_model_based,Q07,12,Lynn H. Kaack; David Rolnick; Priya L. Donti; Kelly Kochanski; Alexandre Lacoste; Kris Sankaran; Andrew Slavin Ross; Nikola Milojevic-Dupont,https://doi.org/10.1145/3485128,https://opus4.kobv.de/opus4-hsog/frontdoor/index/index/docId/4117,922,closed,not_extracted,not_extracted,not_extracted,not_extracted,not_extracted,not_extracted,not_extracted,not_extracted,not_extracted,not_extracted,not_extracted,not_extracted,not_extracted,not_extracted,not_extracted,indirect_discovery_metadata,pending,OpenAlex discovery hit; requires primary-source verification
W4410121475,Traffic Signal Control via Reinforcement Learning: A Review on Applications and Innovations,2025,Infrastructures,article,candidate_unverified,tsc_model_based,Q07,13,Panagiotis Michailidis; Iakovos Michailidis; Charalampos Rafail Lazaridis; Elias B. Kosmatopoulos,https://doi.org/10.3390/infrastructures10050114,https://doi.org/10.3390/infrastructures10050114,70,gold,not_extracted,not_extracted,not_extracted,not_extracted,not_extracted,not_extracted,not_extracted,not_extracted,not_extracted,not_extracted,not_extracted,not_extracted,not_extracted,not_extracted,not_extracted,indirect_discovery_metadata,pending,OpenAlex discovery hit; requires primary-source verification
W3192769286,Reinforcement-learning in fronto-striatal circuits,2021,Neuropsychopharmacology,article,candidate_unverified,tsc_model_based,Q07,14,Bruno B. Averbeck; John P. O’Doherty,https://doi.org/10.1038/s41386-021-01108-0,https://doi.org/10.1038/s41386-021-01108-0,142,bronze,not_extracted,not_extracted,not_extracted,not_extracted,not_extracted,not_extracted,not_extracted,not_extracted,not_extracted,not_extracted,not_extracted,not_extracted,not_extracted,not_extracted,not_extracted,indirect_discovery_metadata,pending,OpenAlex discovery hit; requires primary-source verification
W4220970489,Explainable Deep Reinforcement Learning: State of the Art and Challenges,2022,ACM Computing Surveys,article,candidate_unverified,tsc_model_based,Q07,15,George A. Vouros,https://doi.org/10.1145/3527448,https://doi.org/10.1145/3527448,150,green,not_extracted,not_extracted,not_extracted,not_extracted,not_extracted,not_extracted,not_extracted,not_extracted,not_extracted,not_extracted,not_extracted,not_extracted,not_extracted,not_extracted,not_extracted,indirect_discovery_metadata,pending,OpenAlex discovery hit; requires primary-source verification
W4387195417,Diffusion Models: A Comprehensive Survey of Methods and Applications,2023,ACM Computing Surveys,article,candidate_unverified,tsc_model_based,Q07,16,L. Yang; Zhilong Zhang; Yang Song; Shenda Hong; Runsheng Xu; Yue Zhao; Wentao Zhang; Bin Cui,https://doi.org/10.1145/3626235,https://doi.org/10.1145/3626235,1465,bronze,not_extracted,not_extracted,not_extracted,not_extracted,not_extracted,not_extracted,not_extracted,not_extracted,not_extracted,not_extracted,not_extracted,not_extracted,not_extracted,not_extracted,not_extracted,indirect_discovery_metadata,pending,OpenAlex discovery hit; requires primary-source verification
W4210909794,A survey of inverse reinforcement learning,2022,Artificial Intelligence Review,article,candidate_unverified,tsc_model_based,Q07,17,Stephen Adams; Tyler Cody; Peter A. Beling,https://doi.org/10.1007/s10462-021-10108-x,https://doi.org/10.1007/s10462-021-10108-x,123,hybrid,not_extracted,not_extracted,not_extracted,not_extracted,not_extracted,not_extracted,not_extracted,not_extracted,not_extracted,not_extracted,not_extracted,not_extracted,not_extracted,not_extracted,not_extracted,indirect_discovery_metadata,pending,OpenAlex discovery hit; requires primary-source verification
W4362519817,Multi-Agent Deep Reinforcement Learning for Multi-Robot Applications: A Survey,2023,Sensors,article,candidate_unverified,tsc_model_based,Q07,18,James Orr; Ayan Dutta,https://doi.org/10.3390/s23073625,https://doi.org/10.3390/s23073625,180,gold,not_extracted,not_extracted,not_extracted,not_extracted,not_extracted,not_extracted,not_extracted,not_extracted,not_extracted,not_extracted,not_extracted,not_extracted,not_extracted,not_extracted,not_extracted,indirect_discovery_metadata,pending,OpenAlex discovery hit; requires primary-source verification
W2799109291,Road Traffic Forecasting: Recent Advances and New Challenges,2018,IEEE Intelligent Transportation Systems Magazine,article,candidate_unverified,tsc_model_based,Q07,19,Ibai Laña; Javier Del Ser; Manuel Vélez; Eleni I. Vlahogianni,https://doi.org/10.1109/mits.2018.2806634,https://doi.org/10.1109/mits.2018.2806634,364,green,not_extracted,not_extracted,not_extracted,not_extracted,not_extracted,not_extracted,not_extracted,not_extracted,not_extracted,not_extracted,not_extracted,not_extracted,not_extracted,not_extracted,not_extracted,indirect_discovery_metadata,pending,OpenAlex discovery hit; requires primary-source verification
W4309349085,Multi-agent reinforcement learning for autonomous vehicles: a survey,2022,Autonomous Intelligent Systems,article,candidate_unverified,tsc_model_based,Q07,20,Joris Dinneweth; Abderrahmane Boubezoul; René Mandiau; Stéphane Espié,https://doi.org/10.1007/s43684-022-00045-z,https://doi.org/10.1007/s43684-022-00045-z,103,diamond,not_extracted,not_extracted,not_extracted,not_extracted,not_extracted,not_extracted,not_extracted,not_extracted,not_extracted,not_extracted,not_extracted,not_extracted,not_extracted,not_extracted,not_extracted,indirect_discovery_metadata,pending,OpenAlex discovery hit; requires primary-source verification
W4394963598,A survey on interpretable reinforcement learning,2024,Machine Learning,article,candidate_unverified,tsc_model_based,Q07,21,Claire Glanois; Paul Weng; Matthieu Zimmer; Dong Li; Tianpei Yang; Jianye Hao; Wulong Liu,https://doi.org/10.1007/s10994-024-06543-w,https://doi.org/10.1007/s10994-024-06543-w,82,bronze,not_extracted,not_extracted,not_extracted,not_extracted,not_extracted,not_extracted,not_extracted,not_extracted,not_extracted,not_extracted,not_extracted,not_extracted,not_extracted,not_extracted,not_extracted,indirect_discovery_metadata,pending,OpenAlex discovery hit; requires primary-source verification
W4391399751,"Human-in-the-Loop Reinforcement Learning: A Survey and Position on Requirements, Challenges, and Opportunities",2024,Journal of Artificial Intelligence Research,article,candidate_unverified,tsc_model_based,Q07,22,Carl Orge Retzlaff; Srijita Das; Christabel Wayllace; Payam Mousavi; Mohammad Afshari; Tianpei Yang; Anna Saranti; Alessa Angerschmid,https://doi.org/10.1613/jair.1.15348,https://doi.org/10.1613/jair.1.15348,143,diamond,not_extracted,not_extracted,not_extracted,not_extracted,not_extracted,not_extracted,not_extracted,not_extracted,not_extracted,not_extracted,not_extracted,not_extracted,not_extracted,not_extracted,not_extracted,indirect_discovery_metadata,pending,OpenAlex discovery hit; requires primary-source verification
W2781474777,Deep Learning: A Critical Appraisal,2018,arXiv (Cornell University),preprint,candidate_unverified,tsc_model_based,Q07,23,Gary Marcus,https://doi.org/10.48550/arxiv.1801.00631,http://arxiv.org/abs/1801.00631,386,green,not_extracted,not_extracted,not_extracted,not_extracted,not_extracted,not_extracted,not_extracted,not_extracted,not_extracted,not_extracted,not_extracted,not_extracted,not_extracted,not_extracted,not_extracted,indirect_discovery_metadata,pending,OpenAlex discovery hit; requires primary-source verification
W4319163914,"A Comprehensive Survey of Few-shot Learning: Evolution, Applications, Challenges, and Opportunities",2023,ACM Computing Surveys,article,candidate_unverified,tsc_model_based,Q07,24,Yisheng Song; Ting Wang; Puyu Cai; Subrota Kumar Mondal; Jyoti Prakash Sahoo,https://doi.org/10.1145/3582688,https://doi.org/10.1145/3582688,649,bronze,not_extracted,not_extracted,not_extracted,not_extracted,not_extracted,not_extracted,not_extracted,not_extracted,not_extracted,not_extracted,not_extracted,not_extracted,not_extracted,not_extracted,not_extracted,indirect_discovery_metadata,pending,OpenAlex discovery hit; requires primary-source verification
W3095594668,Cooperative Control for Multi-Intersection Traffic Signal Based on Deep Reinforcement Learning and Imitation Learning,2020,IEEE Access,article,candidate_unverified,tsc_model_based,Q07,25,Yusen Huo; Qinghua Tao; Jianming Hu,https://doi.org/10.1109/access.2020.3034419,https://doi.org/10.1109/access.2020.3034419,31,gold,not_extracted,not_extracted,not_extracted,not_extracted,not_extracted,not_extracted,not_extracted,not_extracted,not_extracted,not_extracted,not_extracted,not_extracted,not_extracted,not_extracted,not_extracted,indirect_discovery_metadata,pending,OpenAlex discovery hit; requires primary-source verification
W2963000651,Deep Reinforcement Learning Based Resource Allocation for V2V Communications,2019,IEEE Transactions on Vehicular Technology,article,candidate_unverified,tsc_model_based,Q08,1,Hao Ye; Geoffrey Ye Li; Biing‐Hwang Juang,https://doi.org/10.1109/tvt.2019.2897134,https://doi.org/10.1109/tvt.2019.2897134,855,bronze,not_extracted,not_extracted,not_extracted,not_extracted,not_extracted,not_extracted,not_extracted,not_extracted,not_extracted,not_extracted,not_extracted,not_extracted,not_extracted,not_extracted,not_extracted,indirect_discovery_metadata,pending,OpenAlex discovery hit; requires primary-source verification
W4224220194,"Deep learning, reinforcement learning, and world models",2022,Neural Networks,article,candidate_unverified,tsc_model_based,Q08,2,Yutaka Matsuo; Yann LeCun; Maneesh Sahani; Doina Precup; David Silver; Masashi Sugiyama; Eiji Uchibe; Jun Morimoto,https://doi.org/10.1016/j.neunet.2022.03.037,https://doi.org/10.1016/j.neunet.2022.03.037,508,hybrid,not_extracted,not_extracted,not_extracted,not_extracted,not_extracted,not_extracted,not_extracted,not_extracted,not_extracted,not_extracted,not_extracted,not_extracted,not_extracted,not_extracted,not_extracted,indirect_discovery_metadata,pending,OpenAlex discovery hit; requires primary-source verification
W4383112908,Transfer Learning in Deep Reinforcement Learning: A Survey,2023,IEEE Transactions on Pattern Analysis and Machine Intelligence,article,candidate_unverified,tsc_model_based,Q08,3,Zhuangdi Zhu; Kaixiang Lin; Anil K. Jain; Jiayu Zhou,https://doi.org/10.1109/tpami.2023.3292075,https://doi.org/10.1109/tpami.2023.3292075,707,green,not_extracted,not_extracted,not_extracted,not_extracted,not_extracted,not_extracted,not_extracted,not_extracted,not_extracted,not_extracted,not_extracted,not_extracted,not_extracted,not_extracted,not_extracted,indirect_discovery_metadata,pending,OpenAlex discovery hit; requires primary-source verification
W3156295478,Multi-agent deep reinforcement learning: a survey,2021,Artificial Intelligence Review,article,candidate_unverified,tsc_model_based,Q08,4,Sven Gronauer; Klaus Diepold,https://doi.org/10.1007/s10462-021-09996-w,https://doi.org/10.1007/s10462-021-09996-w,882,hybrid,not_extracted,not_extracted,not_extracted,not_extracted,not_extracted,not_extracted,not_extracted,not_extracted,not_extracted,not_extracted,not_extracted,not_extracted,not_extracted,not_extracted,not_extracted,indirect_discovery_metadata,pending,OpenAlex discovery hit; requires primary-source verification
W2968764495,Spectrum Sharing in Vehicular Networks Based on Multi-Agent Reinforcement Learning,2019,IEEE Journal on Selected Areas in Communications,article,candidate_unverified,tsc_model_based,Q08,5,Le Liang; Hao Ye; Geoffrey Ye Li,https://doi.org/10.1109/jsac.2019.2933962,https://doi.org/10.1109/jsac.2019.2933962,555,hybrid,not_extracted,not_extracted,not_extracted,not_extracted,not_extracted,not_extracted,not_extracted,not_extracted,not_extracted,not_extracted,not_extracted,not_extracted,not_extracted,not_extracted,not_extracted,indirect_discovery_metadata,pending,OpenAlex discovery hit; requires primary-source verification
W2998332605,MetaLight: Value-Based Meta-Reinforcement Learning for Traffic Signal Control,2020,Proceedings of the AAAI Conference on Artificial Intelligence,conference-paper,candidate_unverified,tsc_model_based,Q08,6,Xinshi Zang; Huaxiu Yao; Guanjie Zheng; Nan Xu; Kai Xu; Zhenhui Li,https://doi.org/10.1609/aaai.v34i01.5467,https://doi.org/10.1609/aaai.v34i01.5467,166,diamond,not_extracted,not_extracted,not_extracted,not_extracted,not_extracted,not_extracted,not_extracted,not_extracted,not_extracted,not_extracted,not_extracted,not_extracted,not_extracted,not_extracted,not_extracted,indirect_discovery_metadata,pending,OpenAlex discovery hit; requires primary-source verification
W3102100346,"A review of uncertainty quantification in deep learning: Techniques, applications and challenges",2021,Information Fusion,article,candidate_unverified,tsc_model_based,Q08,7,Moloud Abdar; Farhad Pourpanah; Sadiq Hussain; Dana Rezazadegan; Li Liu; Mohammad Ghavamzadeh; Paul Fieguth; Xiaochun Cao,https://doi.org/10.1016/j.inffus.2021.05.008,https://doi.org/10.1016/j.inffus.2021.05.008,2562,hybrid,not_extracted,not_extracted,not_extracted,not_extracted,not_extracted,not_extracted,not_extracted,not_extracted,not_extracted,not_extracted,not_extracted,not_extracted,not_extracted,not_extracted,not_extracted,indirect_discovery_metadata,pending,OpenAlex discovery hit; requires primary-source verification
W2943717074,Reinforcement Learning Based Routing in Networks: Review and Classification of Approaches,2019,IEEE Access,article,candidate_unverified,tsc_model_based,Q08,8,Zoubir Mammeri,https://doi.org/10.1109/access.2019.2913776,https://doi.org/10.1109/access.2019.2913776,423,gold,not_extracted,not_extracted,not_extracted,not_extracted,not_extracted,not_extracted,not_extracted,not_extracted,not_extracted,not_extracted,not_extracted,not_extracted,not_extracted,not_extracted,not_extracted,indirect_discovery_metadata,pending,OpenAlex discovery hit; requires primary-source verification
W3194730353,"Deep Learning: A Comprehensive Overview on Techniques, Taxonomy, Applications and Research Directions",2021,SN Computer Science,article,candidate_unverified,tsc_model_based,Q08,9,Iqbal H. Sarker,https://doi.org/10.1007/s42979-021-00815-1,https://doi.org/10.1007/s42979-021-00815-1,2495,bronze,not_extracted,not_extracted,not_extracted,not_extracted,not_extracted,not_extracted,not_extracted,not_extracted,not_extracted,not_extracted,not_extracted,not_extracted,not_extracted,not_extracted,not_extracted,indirect_discovery_metadata,pending,OpenAlex discovery hit; requires primary-source verification
W2788005034,Cellular Network Traffic Scheduling With Deep Reinforcement Learning,2018,Proceedings of the AAAI Conference on Artificial Intelligence,conference-paper,candidate_unverified,tsc_model_based,Q08,10,Sandeep Chinchali; Pan Hu; Tianshu Chu; Manu Sharma; Manu Bansal; Rakesh Misra; Marco Pavone; Sachin Katti,https://doi.org/10.1609/aaai.v32i1.11339,https://doi.org/10.1609/aaai.v32i1.11339,227,diamond,not_extracted,not_extracted,not_extracted,not_extracted,not_extracted,not_extracted,not_extracted,not_extracted,not_extracted,not_extracted,not_extracted,not_extracted,not_extracted,not_extracted,not_extracted,indirect_discovery_metadata,pending,OpenAlex discovery hit; requires primary-source verification
W4366091323,"Deep learning modelling techniques: current progress, applications, advantages, and challenges",2023,Artificial Intelligence Review,article,candidate_unverified,tsc_model_based,Q08,11,Shams Forruque Ahmed; Md. Sakib Bin Alam; Maruf Hassan; Mahtabin Rodela Rozbu; Taoseef Ishtiak; Nazifa Rafa; M. Mofijur; A. B. M. Shawkat Ali,https://doi.org/10.1007/s10462-023-10466-8,https://doi.org/10.1007/s10462-023-10466-8,1020,hybrid,not_extracted,not_extracted,not_extracted,not_extracted,not_extracted,not_extracted,not_extracted,not_extracted,not_extracted,not_extracted,not_extracted,not_extracted,not_extracted,not_extracted,not_extracted,indirect_discovery_metadata,pending,OpenAlex discovery hit; requires primary-source verification
W4287266177,A Practical Guide to Multi-Objective Reinforcement Learning and Planning,2022,VUBIR (Vrije Universiteit Brussel),article,candidate_unverified,tsc_model_based,Q08,12,Conor F. Hayes; Roxana Rădulescu; Eugenio Bargiacchi; Johan Källström; Matthew D Macfarlane; Mathieu Reymond; Timothy Verstraeten; Luisa Zintgraf,https://doi.org/10.1007/s10458-022-09552-y,https://doi.org/10.1007/s10458-022-09552-y,359,green,not_extracted,not_extracted,not_extracted,not_extracted,not_extracted,not_extracted,not_extracted,not_extracted,not_extracted,not_extracted,not_extracted,not_extracted,not_extracted,not_extracted,not_extracted,indirect_discovery_metadata,pending,OpenAlex discovery hit; requires primary-source verification
W2962814013,Convergence of Edge Computing and Deep Learning: A Comprehensive Survey,2020,IEEE Communications Surveys & Tutorials,article,candidate_unverified,tsc_model_based,Q08,13,Xiaofei Wang; Yiwen Han; Victor C. M. Leung; Dusit Niyato; Xueqiang Yan; Xu Chen,https://doi.org/10.1109/comst.2020.2970550,https://doi.org/10.1109/comst.2020.2970550,1472,green,not_extracted,not_extracted,not_extracted,not_extracted,not_extracted,not_extracted,not_extracted,not_extracted,not_extracted,not_extracted,not_extracted,not_extracted,not_extracted,not_extracted,not_extracted,indirect_discovery_metadata,pending,OpenAlex discovery hit; requires primary-source verification
W2951360122,Proximal Policy Optimization in StarCraft,2019,not_extracted,dissertation,candidate_unverified,tsc_model_based,Q08,14,Yuefan Liu,https://doi.org/10.12794/metadc1505267,https://doi.org/10.12794/metadc1505267,606,gold,not_extracted,not_extracted,not_extracted,not_extracted,not_extracted,not_extracted,not_extracted,not_extracted,not_extracted,not_extracted,not_extracted,not_extracted,not_extracted,not_extracted,not_extracted,indirect_discovery_metadata,pending,OpenAlex discovery hit; requires primary-source verification
W3035721219,Application of Deep Reinforcement Learning in Traffic Signal Control: An Overview and Impact of Open Traffic Data,2020,Applied Sciences,article,candidate_unverified,tsc_model_based,Q08,15,Martin Gregurić; Miroslav Vujić; Charalampos Alexopoulos; Mladen Miletić,https://doi.org/10.3390/app10114011,https://doi.org/10.3390/app10114011,99,gold,not_extracted,not_extracted,not_extracted,not_extracted,not_extracted,not_extracted,not_extracted,not_extracted,not_extracted,not_extracted,not_extracted,not_extracted,not_extracted,not_extracted,not_extracted,indirect_discovery_metadata,pending,OpenAlex discovery hit; requires primary-source verification
W2912589244,Leveraging Digital Twin Technology in Model-Based Systems Engineering,2019,Systems,article,candidate_unverified,tsc_model_based,Q08,16,Azad M. Madni; Carla C. Madni; Scott Lucero,https://doi.org/10.3390/systems7010007,https://doi.org/10.3390/systems7010007,1006,gold,not_extracted,not_extracted,not_extracted,not_extracted,not_extracted,not_extracted,not_extracted,not_extracted,not_extracted,not_extracted,not_extracted,not_extracted,not_extracted,not_extracted,not_extracted,indirect_discovery_metadata,pending,OpenAlex discovery hit; requires primary-source verification
W4360584316,"A Survey on Offline Reinforcement Learning: Taxonomy, Review, and Open Problems",2023,IEEE Transactions on Neural Networks and Learning Systems,article,candidate_unverified,tsc_model_based,Q08,17,Rafael Figueiredo Prudencio; Marcos R. O. A. Máximo; Esther Luna Colombini,https://doi.org/10.1109/tnnls.2023.3250269,https://doi.org/10.1109/tnnls.2023.3250269,314,hybrid,not_extracted,not_extracted,not_extracted,not_extracted,not_extracted,not_extracted,not_extracted,not_extracted,not_extracted,not_extracted,not_extracted,not_extracted,not_extracted,not_extracted,not_extracted,indirect_discovery_metadata,pending,OpenAlex discovery hit; requires primary-source verification
W2797527950,A Study on Overfitting in Deep Reinforcement Learning,2018,arXiv (Cornell University),preprint,candidate_unverified,tsc_model_based,Q08,18,Chiyuan Zhang; Oriol Vinyals; Rémi Munos; Samy Bengio,https://doi.org/10.48550/arxiv.1804.06893,http://arxiv.org/abs/1804.06893,236,green,not_extracted,not_extracted,not_extracted,not_extracted,not_extracted,not_extracted,not_extracted,not_extracted,not_extracted,not_extracted,not_extracted,not_extracted,not_extracted,not_extracted,not_extracted,indirect_discovery_metadata,pending,OpenAlex discovery hit; requires primary-source verification
W3135588948,Toward Causal Representation Learning,2021,Proceedings of the IEEE,article,candidate_unverified,tsc_model_based,Q08,19,Bernhard Schölkopf; Francesco Locatello; Stefan Bauer; Nan Rosemary Ke; Nal Kalchbrenner; Anirudh Goyal; Yoshua Bengio,https://doi.org/10.1109/jproc.2021.3058954,https://doi.org/10.1109/jproc.2021.3058954,1081,hybrid,not_extracted,not_extracted,not_extracted,not_extracted,not_extracted,not_extracted,not_extracted,not_extracted,not_extracted,not_extracted,not_extracted,not_extracted,not_extracted,not_extracted,not_extracted,indirect_discovery_metadata,pending,OpenAlex discovery hit; requires primary-source verification
W4225716729,"AI-Based Modeling: Techniques, Applications and Research Issues Towards Automation, Intelligent and Smart Systems",2022,SN Computer Science,article,candidate_unverified,tsc_model_based,Q08,20,Iqbal H. Sarker,https://doi.org/10.1007/s42979-022-01043-x,https://doi.org/10.1007/s42979-022-01043-x,1129,hybrid,not_extracted,not_extracted,not_extracted,not_extracted,not_extracted,not_extracted,not_extracted,not_extracted,not_extracted,not_extracted,not_extracted,not_extracted,not_extracted,not_extracted,not_extracted,indirect_discovery_metadata,pending,OpenAlex discovery hit; requires primary-source verification
W2900853407,Towards the Deployment of Machine Learning Solutions in Network Traffic Classification: A Systematic Survey,2018,IEEE Communications Surveys & Tutorials,article,candidate_unverified,tsc_model_based,Q08,21,Fannia Pacheco; Ernesto Expósito; Mathieu Gineste; Cédric Baudoin; José Aguilar,https://doi.org/10.1109/comst.2018.2883147,https://doi.org/10.1109/comst.2018.2883147,366,green,not_extracted,not_extracted,not_extracted,not_extracted,not_extracted,not_extracted,not_extracted,not_extracted,not_extracted,not_extracted,not_extracted,not_extracted,not_extracted,not_extracted,not_extracted,indirect_discovery_metadata,pending,OpenAlex discovery hit; requires primary-source verification
W3003533476,Deep Reinforcement Learning for Autonomous Driving: A Survey,2021,IEEE Transactions on Intelligent Transportation Systems,article,candidate_unverified,tsc_model_based,Q08,22,Bangalore Ravi Kiran; Ibrahim Sobh; Victor Talpaert; Patrick Mannion; Ahmad A. Al Sallab; Senthil Yogamani; Patrick Pérez,https://doi.org/10.1109/tits.2021.3054625,https://doi.org/10.1109/tits.2021.3054625,203,green,not_extracted,not_extracted,not_extracted,not_extracted,not_extracted,not_extracted,not_extracted,not_extracted,not_extracted,not_extracted,not_extracted,not_extracted,not_extracted,not_extracted,not_extracted,indirect_discovery_metadata,pending,OpenAlex discovery hit; requires primary-source verification
W3208687975,Recent advances and applications of deep learning methods in materials science,2022,npj Computational Materials,article,candidate_unverified,tsc_model_based,Q08,23,Kamal Choudhary; Brian DeCost; Chi Chen; Anubhav Jain; Francesca Tavazza; Ryan Cohn; Cheol Woo Park; Alok Choudhary,https://doi.org/10.1038/s41524-022-00734-6,https://doi.org/10.1038/s41524-022-00734-6,1106,gold,not_extracted,not_extracted,not_extracted,not_extracted,not_extracted,not_extracted,not_extracted,not_extracted,not_extracted,not_extracted,not_extracted,not_extracted,not_extracted,not_extracted,not_extracted,indirect_discovery_metadata,pending,OpenAlex discovery hit; requires primary-source verification
W3088314378,Deep Reinforcement Learning for Indoor Mobile Robot Path Planning,2020,Sensors,article,candidate_unverified,tsc_model_based,Q08,24,Junli Gao; Weijie Ye; Jing Guo; Zhongjuan Li,https://doi.org/10.3390/s20195493,https://doi.org/10.3390/s20195493,194,gold,not_extracted,not_extracted,not_extracted,not_extracted,not_extracted,not_extracted,not_extracted,not_extracted,not_extracted,not_extracted,not_extracted,not_extracted,not_extracted,not_extracted,not_extracted,indirect_discovery_metadata,pending,OpenAlex discovery hit; requires primary-source verification
W4306786778,Deep multiagent reinforcement learning: challenges and directions,2022,Artificial Intelligence Review,article,candidate_unverified,tsc_model_based,Q08,25,Annie Wong; Thomas Bäck; Anna V. Kononova; Aske Plaat,https://doi.org/10.1007/s10462-022-10299-x,https://doi.org/10.1007/s10462-022-10299-x,185,hybrid,not_extracted,not_extracted,not_extracted,not_extracted,not_extracted,not_extracted,not_extracted,not_extracted,not_extracted,not_extracted,not_extracted,not_extracted,not_extracted,not_extracted,not_extracted,indirect_discovery_metadata,pending,OpenAlex discovery hit; requires primary-source verification
W2997848713,GMAN: A Graph Multi-Attention Network for Traffic Prediction,2020,Proceedings of the AAAI Conference on Artificial Intelligence,conference-paper,candidate_unverified,graph_dynamics,Q09,1,Chuanpan Zheng; Xiaoliang Fan; Cheng Wang; Jianzhong Qi,https://doi.org/10.1609/aaai.v34i01.5477,https://doi.org/10.1609/aaai.v34i01.5477,1650,diamond,not_extracted,not_extracted,not_extracted,not_extracted,not_extracted,not_extracted,not_extracted,not_extracted,not_extracted,not_extracted,not_extracted,not_extracted,not_extracted,not_extracted,not_extracted,indirect_discovery_metadata,pending,OpenAlex discovery hit; requires primary-source verification
W2998313947,EvolveGCN: Evolving Graph Convolutional Networks for Dynamic Graphs,2020,not_extracted,article,candidate_unverified,graph_dynamics,Q09,2,Aldo Pareja; Giacomo Domeniconi; Jie Chen; Tengfei Ma; Toyotaro Suzumura; Hiroki Kanezashi; Tim Kaler; Tao B. Schardl,https://doi.org/10.1609/aaai.v34i04.5984,https://ojs.aaai.org/index.php/AAAI/article/view/5984,1175,closed,not_extracted,not_extracted,not_extracted,not_extracted,not_extracted,not_extracted,not_extracted,not_extracted,not_extracted,not_extracted,not_extracted,not_extracted,not_extracted,not_extracted,not_extracted,indirect_discovery_metadata,pending,OpenAlex discovery hit; requires primary-source verification
W3194259208,ETA Prediction with Graph Neural Networks in Google Maps,2021,not_extracted,conference-paper,candidate_unverified,graph_dynamics,Q09,3,Austin Derrow-Pinion; Jennifer She; David Wong; Oliver Lange; Todd Hester; Luís G. Pérez; Marc Nunkesser; Seongjae Lee,https://doi.org/10.1145/3459637.3481916,https://doi.org/10.1145/3459637.3481916,208,gold,not_extracted,not_extracted,not_extracted,not_extracted,not_extracted,not_extracted,not_extracted,not_extracted,not_extracted,not_extracted,not_extracted,not_extracted,not_extracted,not_extracted,not_extracted,indirect_discovery_metadata,pending,OpenAlex discovery hit; requires primary-source verification
W4390906246,"A review of graph neural networks: concepts, architectures, techniques, challenges, datasets, applications, and future directions",2024,Journal Of Big Data,article,candidate_unverified,graph_dynamics,Q09,4,Bharti Khemani; Shruti Patil; Ketan Kotecha; Sudeep Tanwar,https://doi.org/10.1186/s40537-023-00876-4,https://doi.org/10.1186/s40537-023-00876-4,548,gold,not_extracted,not_extracted,not_extracted,not_extracted,not_extracted,not_extracted,not_extracted,not_extracted,not_extracted,not_extracted,not_extracted,not_extracted,not_extracted,not_extracted,not_extracted,indirect_discovery_metadata,pending,OpenAlex discovery hit; requires primary-source verification
W4328008037,Graph Neural Networks for Intelligent Transportation Systems: A Survey,2023,IEEE Transactions on Intelligent Transportation Systems,article,candidate_unverified,graph_dynamics,Q09,5,Saeed Rahmani; Asiye Baghbani; Nizar Bouguila; Zachary Patterson,https://doi.org/10.1109/tits.2023.3257759,https://doi.org/10.1109/tits.2023.3257759,307,hybrid,not_extracted,not_extracted,not_extracted,not_extracted,not_extracted,not_extracted,not_extracted,not_extracted,not_extracted,not_extracted,not_extracted,not_extracted,not_extracted,not_extracted,not_extracted,indirect_discovery_metadata,pending,OpenAlex discovery hit; requires primary-source verification
W4323314209,Graph Neural Network for Traffic Forecasting: The Research Progress,2023,ISPRS International Journal of Geo-Information,article,candidate_unverified,graph_dynamics,Q09,6,Weiwei Jiang; Jiayun Luo; Miao He; Weixi Gu,https://doi.org/10.3390/ijgi12030100,https://doi.org/10.3390/ijgi12030100,185,gold,not_extracted,not_extracted,not_extracted,not_extracted,not_extracted,not_extracted,not_extracted,not_extracted,not_extracted,not_extracted,not_extracted,not_extracted,not_extracted,not_extracted,not_extracted,indirect_discovery_metadata,pending,OpenAlex discovery hit; requires primary-source verification
W4385342469,Convolutional Neural Networks: A Survey,2023,Computers,article,candidate_unverified,graph_dynamics,Q09,7,Moez Krichen,https://doi.org/10.3390/computers12080151,https://doi.org/10.3390/computers12080151,577,gold,not_extracted,not_extracted,not_extracted,not_extracted,not_extracted,not_extracted,not_extracted,not_extracted,not_extracted,not_extracted,not_extracted,not_extracted,not_extracted,not_extracted,not_extracted,indirect_discovery_metadata,pending,OpenAlex discovery hit; requires primary-source verification
W3090369187,Computing Graph Neural Networks: A Survey from Algorithms to Accelerators,2021,ACM Computing Surveys,article,candidate_unverified,graph_dynamics,Q09,8,Sergi Abadal; Akshay Jain; Robert Guirado; Jorge López-Alonso; Eduard Alarcón,https://doi.org/10.1145/3477141,https://doi.org/10.1145/3477141,284,hybrid,not_extracted,not_extracted,not_extracted,not_extracted,not_extracted,not_extracted,not_extracted,not_extracted,not_extracted,not_extracted,not_extracted,not_extracted,not_extracted,not_extracted,not_extracted,indirect_discovery_metadata,pending,OpenAlex discovery hit; requires primary-source verification
W4379537566,Advances in spatiotemporal graph neural network prediction research,2023,International Journal of Digital Earth,article,candidate_unverified,graph_dynamics,Q09,9,Yi Wang,https://doi.org/10.1080/17538947.2023.2220610,https://doi.org/10.1080/17538947.2023.2220610,38,gold,not_extracted,not_extracted,not_extracted,not_extracted,not_extracted,not_extracted,not_extracted,not_extracted,not_extracted,not_extracted,not_extracted,not_extracted,not_extracted,not_extracted,not_extracted,indirect_discovery_metadata,pending,OpenAlex discovery hit; requires primary-source verification
W3217748719,Hierarchical Adversarial Attacks Against Graph-Neural-Network-Based IoT Network Intrusion Detection System,2021,IEEE Internet of Things Journal,article,candidate_unverified,graph_dynamics,Q09,10,Xiaokang Zhou; Wei Liang; Weimin Li; Ke Yan; Shohei Shimizu; Kevin I‐Kai Wang,https://doi.org/10.1109/jiot.2021.3130434,https://doi.org/10.1109/jiot.2021.3130434,316,hybrid,not_extracted,not_extracted,not_extracted,not_extracted,not_extracted,not_extracted,not_extracted,not_extracted,not_extracted,not_extracted,not_extracted,not_extracted,not_extracted,not_extracted,not_extracted,indirect_discovery_metadata,pending,OpenAlex discovery hit; requires primary-source verification
W3127161477,Deep Learning for Network Traffic Monitoring and Analysis (NTMA): A Survey,2021,Computer Communications,article,candidate_unverified,graph_dynamics,Q09,11,Mahmoud Abbasi; Amin Shahraki; Amir Taherkordi,https://doi.org/10.1016/j.comcom.2021.01.021,https://doi.org/10.1016/j.comcom.2021.01.021,433,hybrid,not_extracted,not_extracted,not_extracted,not_extracted,not_extracted,not_extracted,not_extracted,not_extracted,not_extracted,not_extracted,not_extracted,not_extracted,not_extracted,not_extracted,not_extracted,indirect_discovery_metadata,pending,OpenAlex discovery hit; requires primary-source verification
W4283819096,STDEN: Towards Physics-Guided Neural Networks for Traffic Flow Prediction,2022,Proceedings of the AAAI Conference on Artificial Intelligence,conference-paper,candidate_unverified,graph_dynamics,Q09,12,Jiahao Ji; Jingyuan Wang; Zhe Jiang; Jiawei Jiang; Hu Zhang,https://doi.org/10.1609/aaai.v36i4.20322,https://doi.org/10.1609/aaai.v36i4.20322,102,diamond,not_extracted,not_extracted,not_extracted,not_extracted,not_extracted,not_extracted,not_extracted,not_extracted,not_extracted,not_extracted,not_extracted,not_extracted,not_extracted,not_extracted,not_extracted,indirect_discovery_metadata,pending,OpenAlex discovery hit; requires primary-source verification
W4285138331,Spatial-Temporal Cellular Traffic Prediction for 5G and Beyond: A Graph Neural Networks-Based Approach,2022,IEEE Transactions on Industrial Informatics,article,candidate_unverified,graph_dynamics,Q09,13,Zi Wang; Jia Hu; Geyong Min; Zhiwei Zhao; Zheng Chang; Zhe Wang,https://doi.org/10.1109/tii.2022.3182768,https://doi.org/10.1109/tii.2022.3182768,115,green,not_extracted,not_extracted,not_extracted,not_extracted,not_extracted,not_extracted,not_extracted,not_extracted,not_extracted,not_extracted,not_extracted,not_extracted,not_extracted,not_extracted,not_extracted,indirect_discovery_metadata,pending,OpenAlex discovery hit; requires primary-source verification
W4303712284,An Optimal BP Neural Network Track Prediction Method Based on a GA–ACO Hybrid Algorithm,2022,Journal of Marine Science and Engineering,article,candidate_unverified,graph_dynamics,Q09,14,Yuanzhou Zheng; Xuemeng Lv; Long Qian; Xinyu Liu,https://doi.org/10.3390/jmse10101399,https://doi.org/10.3390/jmse10101399,319,gold,not_extracted,not_extracted,not_extracted,not_extracted,not_extracted,not_extracted,not_extracted,not_extracted,not_extracted,not_extracted,not_extracted,not_extracted,not_extracted,not_extracted,not_extracted,indirect_discovery_metadata,pending,OpenAlex discovery hit; requires primary-source verification
W4401732334,PI-STGnet: Physics-integrated spatiotemporal graph neural network with fundamental diagram learner for highway traffic flow prediction,2024,Expert Systems with Applications,article,candidate_unverified,graph_dynamics,Q09,15,Ting Wang; Dong Ngoduy; Guojian Zou; Takao Dantsuji; Z A Liu; Ye Li,https://doi.org/10.1016/j.eswa.2024.125144,https://doi.org/10.1016/j.eswa.2024.125144,33,closed,not_extracted,not_extracted,not_extracted,not_extracted,not_extracted,not_extracted,not_extracted,not_extracted,not_extracted,not_extracted,not_extracted,not_extracted,not_extracted,not_extracted,not_extracted,indirect_discovery_metadata,pending,OpenAlex discovery hit; requires primary-source verification
W4382449675,Spatio-Temporal Meta-Graph Learning for Traffic Forecasting,2023,Proceedings of the AAAI Conference on Artificial Intelligence,conference-paper,candidate_unverified,graph_dynamics,Q09,16,Renhe Jiang; Zhaonan Wang; Jiawei Yong; Puneet Jeph; Quanjun Chen; Yasumasa Kobayashi; Xuan Song; Shintaro Fukushima,https://doi.org/10.1609/aaai.v37i7.25976,https://doi.org/10.1609/aaai.v37i7.25976,290,diamond,not_extracted,not_extracted,not_extracted,not_extracted,not_extracted,not_extracted,not_extracted,not_extracted,not_extracted,not_extracted,not_extracted,not_extracted,not_extracted,not_extracted,not_extracted,indirect_discovery_metadata,pending,OpenAlex discovery hit; requires primary-source verification
W2921319277,Deep Transfer Learning for Intelligent Cellular Traffic Prediction Based on Cross-Domain Big Data,2019,IEEE Journal on Selected Areas in Communications,article,candidate_unverified,graph_dynamics,Q09,17,Chuanting Zhang; Haixia Zhang; Jingping Qiao; Dongfeng Yuan; Minggao Zhang,https://doi.org/10.1109/jsac.2019.2904363,https://doi.org/10.1109/jsac.2019.2904363,367,bronze,not_extracted,not_extracted,not_extracted,not_extracted,not_extracted,not_extracted,not_extracted,not_extracted,not_extracted,not_extracted,not_extracted,not_extracted,not_extracted,not_extracted,not_extracted,indirect_discovery_metadata,pending,OpenAlex discovery hit; requires primary-source verification
W2944500953,Sequential Graph Neural Network for Urban Road Traffic Speed Prediction,2019,IEEE Access,article,candidate_unverified,graph_dynamics,Q09,18,Zhipu Xie; Weifeng Lv; Shangfo Huang; Zhilong Lu; Bowen Du; Runhe Huang,https://doi.org/10.1109/access.2019.2915364,https://doi.org/10.1109/access.2019.2915364,72,gold,not_extracted,not_extracted,not_extracted,not_extracted,not_extracted,not_extracted,not_extracted,not_extracted,not_extracted,not_extracted,not_extracted,not_extracted,not_extracted,not_extracted,not_extracted,indirect_discovery_metadata,pending,OpenAlex discovery hit; requires primary-source verification
W3126787811,A Review of Traffic Congestion Prediction Using Artificial Intelligence,2021,Journal of Advanced Transportation,article,candidate_unverified,graph_dynamics,Q09,19,Mahmuda Akhtar; Sara Moridpour,https://doi.org/10.1155/2021/8878011,https://doi.org/10.1155/2021/8878011,284,gold,not_extracted,not_extracted,not_extracted,not_extracted,not_extracted,not_extracted,not_extracted,not_extracted,not_extracted,not_extracted,not_extracted,not_extracted,not_extracted,not_extracted,not_extracted,indirect_discovery_metadata,pending,OpenAlex discovery hit; requires primary-source verification
W2991165231,GMAN: A Graph Multi-Attention Network for Traffic Prediction,2019,arXiv (Cornell University),preprint,candidate_unverified,graph_dynamics,Q09,20,Chuanpan Zheng; Xiaoliang Fan; Cheng Wang; Jianzhong Qi,https://doi.org/10.48550/arxiv.1911.08415,http://arxiv.org/abs/1911.08415,87,green,not_extracted,not_extracted,not_extracted,not_extracted,not_extracted,not_extracted,not_extracted,not_extracted,not_extracted,not_extracted,not_extracted,not_extracted,not_extracted,not_extracted,not_extracted,indirect_discovery_metadata,pending,OpenAlex discovery hit; requires primary-source verification
W4323667995,Artificial intelligence-based traffic flow prediction: a comprehensive review,2023,Journal of Electrical Systems and Information Technology,article,candidate_unverified,graph_dynamics,Q09,21,Sayed Ahmed; Yasser Abdelhamid; Hesham A. Hefny,https://doi.org/10.1186/s43067-023-00081-6,https://doi.org/10.1186/s43067-023-00081-6,146,diamond,not_extracted,not_extracted,not_extracted,not_extracted,not_extracted,not_extracted,not_extracted,not_extracted,not_extracted,not_extracted,not_extracted,not_extracted,not_extracted,not_extracted,not_extracted,indirect_discovery_metadata,pending,OpenAlex discovery hit; requires primary-source verification
W4308682312,A Spatiotemporal Graph Attention Network Based on Synchronization for Epileptic Seizure Prediction,2022,IEEE Journal of Biomedical and Health Informatics,article,candidate_unverified,graph_dynamics,Q09,22,Yao Wang; Yufei Shi; Yinlin Cheng; Zhipeng He; Xiaoyan Wei; Ziyi Chen; Yi Zhou,https://doi.org/10.1109/jbhi.2022.3221211,https://doi.org/10.1109/jbhi.2022.3221211,83,bronze,not_extracted,not_extracted,not_extracted,not_extracted,not_extracted,not_extracted,not_extracted,not_extracted,not_extracted,not_extracted,not_extracted,not_extracted,not_extracted,not_extracted,not_extracted,indirect_discovery_metadata,pending,OpenAlex discovery hit; requires primary-source verification
W3176419744,Traffic Flow Prediction with Vehicle Trajectories,2021,Proceedings of the AAAI Conference on Artificial Intelligence,conference-paper,candidate_unverified,graph_dynamics,Q09,23,Mingqian Li; Panrong Tong; Mo Li; Zhongming Jin; Jianqiang Huang; Xian‐Sheng Hua,https://doi.org/10.1609/aaai.v35i1.16104,https://doi.org/10.1609/aaai.v35i1.16104,65,diamond,not_extracted,not_extracted,not_extracted,not_extracted,not_extracted,not_extracted,not_extracted,not_extracted,not_extracted,not_extracted,not_extracted,not_extracted,not_extracted,not_extracted,not_extracted,indirect_discovery_metadata,pending,OpenAlex discovery hit; requires primary-source verification
W3091641260,Dynamic Spatio-Temporal Graph-Based CNNs for Traffic Flow Prediction,2020,IEEE Access,article,candidate_unverified,graph_dynamics,Q09,24,Ken Chen; Fei Chen; Baisheng Lai; Zhongming Jin; Yong Liu; Kai Li; Long Wei; Pengfei Wang,https://doi.org/10.1109/access.2020.3027375,https://doi.org/10.1109/access.2020.3027375,78,gold,not_extracted,not_extracted,not_extracted,not_extracted,not_extracted,not_extracted,not_extracted,not_extracted,not_extracted,not_extracted,not_extracted,not_extracted,not_extracted,not_extracted,not_extracted,indirect_discovery_metadata,pending,OpenAlex discovery hit; requires primary-source verification
W2956910609,A spatiotemporal and graph-based analysis of dockless bike sharing patterns to understand urban flows over the last mile,2019,Computers Environment and Urban Systems,article,candidate_unverified,graph_dynamics,Q09,25,Yuanxuan Yang; Alison Heppenstall; Andy Turner; Alexis Comber,https://doi.org/10.1016/j.compenvurbsys.2019.101361,https://doi.org/10.1016/j.compenvurbsys.2019.101361,165,hybrid,not_extracted,not_extracted,not_extracted,not_extracted,not_extracted,not_extracted,not_extracted,not_extracted,not_extracted,not_extracted,not_extracted,not_extracted,not_extracted,not_extracted,not_extracted,indirect_discovery_metadata,pending,OpenAlex discovery hit; requires primary-source verification
W2990283237,Analysis of Explainers of Black Box Deep Neural Networks for Computer Vision: A Survey,2021,Machine Learning and Knowledge Extraction,article,candidate_unverified,graph_dynamics,Q10,1,Vanessa Buhrmester; David Münch; Michael Arens,https://doi.org/10.3390/make3040048,https://doi.org/10.3390/make3040048,397,gold,not_extracted,not_extracted,not_extracted,not_extracted,not_extracted,not_extracted,not_extracted,not_extracted,not_extracted,not_extracted,not_extracted,not_extracted,not_extracted,not_extracted,not_extracted,indirect_discovery_metadata,pending,OpenAlex discovery hit; requires primary-source verification
W4404872680,"Deep Learning on Network Traffic Prediction: Recent Advances, Analysis, and Future Directions",2025,ACM Computing Surveys,article,candidate_unverified,graph_dynamics,Q10,2,Ons Aouedi; Van An Le; Kandaraj Piamrat; Yusheng Ji,https://doi.org/10.1145/3703447,https://doi.org/10.1145/3703447,84,green,not_extracted,not_extracted,not_extracted,not_extracted,not_extracted,not_extracted,not_extracted,not_extracted,not_extracted,not_extracted,not_extracted,not_extracted,not_extracted,not_extracted,not_extracted,indirect_discovery_metadata,pending,OpenAlex discovery hit; requires primary-source verification
W3200553661,Short-term traffic prediction using physics-aware neural networks,2022,Transportation Research Part C Emerging Technologies,article,candidate_unverified,graph_dynamics,Q10,3,Mike Pereira; Annika Lang; Balaźs Kulcsár,https://doi.org/10.1016/j.trc.2022.103772,https://doi.org/10.1016/j.trc.2022.103772,33,hybrid,not_extracted,not_extracted,not_extracted,not_extracted,not_extracted,not_extracted,not_extracted,not_extracted,not_extracted,not_extracted,not_extracted,not_extracted,not_extracted,not_extracted,not_extracted,indirect_discovery_metadata,pending,OpenAlex discovery hit; requires primary-source verification
W4403130690,A review of graph neural network applications in mechanics-related domains,2024,Artificial Intelligence Review,article,candidate_unverified,graph_dynamics,Q10,4,Yingxue Zhao; Haoran Li; Haosu Zhou; Hamid Reza Attar; Tobias Pfaff; Nan Li,https://doi.org/10.1007/s10462-024-10931-y,https://doi.org/10.1007/s10462-024-10931-y,65,hybrid,not_extracted,not_extracted,not_extracted,not_extracted,not_extracted,not_extracted,not_extracted,not_extracted,not_extracted,not_extracted,not_extracted,not_extracted,not_extracted,not_extracted,not_extracted,indirect_discovery_metadata,pending,OpenAlex discovery hit; requires primary-source verification
W4400513275,Graph Neural Networks for Pressure Estimation in Water Distribution Systems,2024,Water Resources Research,article,candidate_unverified,graph_dynamics,Q10,5,Huy Truong; Andrés Tello; Alexander Lazovik; Viktoriya Degeler,https://doi.org/10.1029/2023wr036741,https://doi.org/10.1029/2023wr036741,57,gold,not_extracted,not_extracted,not_extracted,not_extracted,not_extracted,not_extracted,not_extracted,not_extracted,not_extracted,not_extracted,not_extracted,not_extracted,not_extracted,not_extracted,not_extracted,indirect_discovery_metadata,pending,OpenAlex discovery hit; requires primary-source verification
W4386871420,Physics-informed graph neural network emulation of soft-tissue mechanics,2023,Computer Methods in Applied Mechanics and Engineering,article,candidate_unverified,graph_dynamics,Q10,6,David R. Dalton; Dirk Husmeier; Hao Gao,https://doi.org/10.1016/j.cma.2023.116351,https://doi.org/10.1016/j.cma.2023.116351,63,hybrid,not_extracted,not_extracted,not_extracted,not_extracted,not_extracted,not_extracted,not_extracted,not_extracted,not_extracted,not_extracted,not_extracted,not_extracted,not_extracted,not_extracted,not_extracted,indirect_discovery_metadata,pending,OpenAlex discovery hit; requires primary-source verification
W3164376315,Multistep traffic forecasting by dynamic graph convolution: Interpretations of real-time spatial correlations,2021,Transportation Research Part C Emerging Technologies,article,candidate_unverified,graph_dynamics,Q10,7,Guopeng Li; Victor L. Knoop; Hans van Lint,https://doi.org/10.1016/j.trc.2021.103185,https://doi.org/10.1016/j.trc.2021.103185,74,hybrid,not_extracted,not_extracted,not_extracted,not_extracted,not_extracted,not_extracted,not_extracted,not_extracted,not_extracted,not_extracted,not_extracted,not_extracted,not_extracted,not_extracted,not_extracted,indirect_discovery_metadata,pending,OpenAlex discovery hit; requires primary-source verification
W4285133117,Scalable algorithms for physics-informed neural and graph networks,2022,Data-Centric Engineering,article,candidate_unverified,graph_dynamics,Q10,8,Khemraj Shukla; Mengjia Xu; Nathaniel Trask; George Em Karniadakis,https://doi.org/10.1017/dce.2022.24,https://doi.org/10.1017/dce.2022.24,54,gold,not_extracted,not_extracted,not_extracted,not_extracted,not_extracted,not_extracted,not_extracted,not_extracted,not_extracted,not_extracted,not_extracted,not_extracted,not_extracted,not_extracted,not_extracted,indirect_discovery_metadata,pending,OpenAlex discovery hit; requires primary-source verification
W4213147678,Unmanned Aerial Vehicles (UAVs): A Survey on Civil Applications and Key Research Challenges,2019,IEEE Access,article,candidate_unverified,graph_dynamics,Q10,9,Hazim Shakhatreh; Ahmad Sawalmeh; Ala Al‐Fuqaha; Zuochao Dou; Eyad Almaita; Issa Khalil; Noor Shamsiah Othman; Abdallah Khreishah,https://doi.org/10.1109/access.2019.2909530,https://doi.org/10.1109/access.2019.2909530,2307,gold,not_extracted,not_extracted,not_extracted,not_extracted,not_extracted,not_extracted,not_extracted,not_extracted,not_extracted,not_extracted,not_extracted,not_extracted,not_extracted,not_extracted,not_extracted,indirect_discovery_metadata,pending,OpenAlex discovery hit; requires primary-source verification
W4401485792,From data to action in flood forecasting leveraging graph neural networks and digital twin visualization,2024,Scientific Reports,article,candidate_unverified,graph_dynamics,Q10,10,Naghmeh Shafiee Roudbari; Shubham Rajeev Punekar; Zachary Patterson; Ursula Eicker; Charalambos Poullis,https://doi.org/10.1038/s41598-024-68857-y,https://doi.org/10.1038/s41598-024-68857-y,48,gold,not_extracted,not_extracted,not_extracted,not_extracted,not_extracted,not_extracted,not_extracted,not_extracted,not_extracted,not_extracted,not_extracted,not_extracted,not_extracted,not_extracted,not_extracted,indirect_discovery_metadata,pending,OpenAlex discovery hit; requires primary-source verification
W4223505602,Design and Implementation of an ML and IoT Based Adaptive Traffic-Management System for Smart Cities,2022,Sensors,article,candidate_unverified,graph_dynamics,Q10,11,Umesh Kumar Lilhore; Agbotiname Lucky Imoize; Chun‐Ta Li; Sarita Simaiya; Subhendu Kumar Pani; Nitin Goyal; Arun Kumar; Cheng‐Chi Lee,https://doi.org/10.3390/s22082908,https://doi.org/10.3390/s22082908,198,gold,not_extracted,not_extracted,not_extracted,not_extracted,not_extracted,not_extracted,not_extracted,not_extracted,not_extracted,not_extracted,not_extracted,not_extracted,not_extracted,not_extracted,not_extracted,indirect_discovery_metadata,pending,OpenAlex discovery hit; requires primary-source verification
W3003667836,"Digital Twin: Values, Challenges and Enablers From a Modeling Perspective",2020,IEEE Access,article,candidate_unverified,graph_dynamics,Q10,12,Adil Rasheed; Omer San; Trond Kvamsdal,https://doi.org/10.1109/access.2020.2970143,https://doi.org/10.1109/access.2020.2970143,1791,gold,not_extracted,not_extracted,not_extracted,not_extracted,not_extracted,not_extracted,not_extracted,not_extracted,not_extracted,not_extracted,not_extracted,not_extracted,not_extracted,not_extracted,not_extracted,indirect_discovery_metadata,pending,OpenAlex discovery hit; requires primary-source verification
W3081142419,Traffic flow reconstruction by solving indeterminacy on traffic distribution at junctions,2020,Future Generation Computer Systems,article,candidate_unverified,graph_dynamics,Q10,13,Stefano Bilotta; Paolo Nesi,https://doi.org/10.1016/j.future.2020.08.017,https://doi.org/10.1016/j.future.2020.08.017,33,hybrid,not_extracted,not_extracted,not_extracted,not_extracted,not_extracted,not_extracted,not_extracted,not_extracted,not_extracted,not_extracted,not_extracted,not_extracted,not_extracted,not_extracted,not_extracted,indirect_discovery_metadata,pending,OpenAlex discovery hit; requires primary-source verification
W4390096796,Internet of Things and Wireless Sensor Networks for Smart Agriculture Applications: A Survey,2023,IEEE Access,article,candidate_unverified,graph_dynamics,Q10,14,Md. Najmul Mowla; Neazmul Mowla; A. F. M. Shahen Shah; Khaled M. Rabie; Thokozani Shongwe,https://doi.org/10.1109/access.2023.3346299,https://doi.org/10.1109/access.2023.3346299,272,gold,not_extracted,not_extracted,not_extracted,not_extracted,not_extracted,not_extracted,not_extracted,not_extracted,not_extracted,not_extracted,not_extracted,not_extracted,not_extracted,not_extracted,not_extracted,indirect_discovery_metadata,pending,OpenAlex discovery hit; requires primary-source verification
W4382323186,Gated Recurrent Graph Convolutional Attention Network for Traffic Flow Prediction,2023,Sustainability,article,candidate_unverified,graph_dynamics,Q10,15,Xiaoyuan Feng; Yue Chen; Hongbo Li; Tian Ma; Yilong Ren,https://doi.org/10.3390/su15097696,https://doi.org/10.3390/su15097696,10,gold,not_extracted,not_extracted,not_extracted,not_extracted,not_extracted,not_extracted,not_extracted,not_extracted,not_extracted,not_extracted,not_extracted,not_extracted,not_extracted,not_extracted,not_extracted,indirect_discovery_metadata,pending,OpenAlex discovery hit; requires primary-source verification
W2785367375,Deep Belief Network Based Hybrid Model for Building Energy Consumption Prediction,2018,Energies,article,candidate_unverified,graph_dynamics,Q10,16,Chengdong Li; Zixiang Ding; Jianqiang Yi; Yisheng Lv; Guiqing Zhang,https://doi.org/10.3390/en11010242,https://doi.org/10.3390/en11010242,61,gold,not_extracted,not_extracted,not_extracted,not_extracted,not_extracted,not_extracted,not_extracted,not_extracted,not_extracted,not_extracted,not_extracted,not_extracted,not_extracted,not_extracted,not_extracted,indirect_discovery_metadata,pending,OpenAlex discovery hit; requires primary-source verification
W3120623710,Signal processing on higher-order networks: Livin’ on the edge... and beyond,2021,Signal Processing,article,candidate_unverified,graph_dynamics,Q10,17,Michael T. Schaub; Yu Zhu; Jean-Baptiste Seby; T. Mitchell Roddenberry; Santiago Segarra,https://doi.org/10.1016/j.sigpro.2021.108149,https://doi.org/10.1016/j.sigpro.2021.108149,146,hybrid,not_extracted,not_extracted,not_extracted,not_extracted,not_extracted,not_extracted,not_extracted,not_extracted,not_extracted,not_extracted,not_extracted,not_extracted,not_extracted,not_extracted,not_extracted,indirect_discovery_metadata,pending,OpenAlex discovery hit; requires primary-source verification
W3102100346,"A review of uncertainty quantification in deep learning: Techniques, applications and challenges",2021,Information Fusion,article,candidate_unverified,graph_dynamics,Q10,18,Moloud Abdar; Farhad Pourpanah; Sadiq Hussain; Dana Rezazadegan; Li Liu; Mohammad Ghavamzadeh; Paul Fieguth; Xiaochun Cao,https://doi.org/10.1016/j.inffus.2021.05.008,https://doi.org/10.1016/j.inffus.2021.05.008,2562,hybrid,not_extracted,not_extracted,not_extracted,not_extracted,not_extracted,not_extracted,not_extracted,not_extracted,not_extracted,not_extracted,not_extracted,not_extracted,not_extracted,not_extracted,not_extracted,indirect_discovery_metadata,pending,OpenAlex discovery hit; requires primary-source verification
W4413035384,ST-GPINN: a spatio-temporal graph physics-informed neural network for enhanced water quality prediction in water distribution systems,2025,npj Clean Water,article,candidate_unverified,graph_dynamics,Q10,19,Tianwei Mu; Feiyu Duan; Baokuan Ning; Bo Zhou; Junyu Liu; Manhong Huang,https://doi.org/10.1038/s41545-025-00499-7,https://doi.org/10.1038/s41545-025-00499-7,27,gold,not_extracted,not_extracted,not_extracted,not_extracted,not_extracted,not_extracted,not_extracted,not_extracted,not_extracted,not_extracted,not_extracted,not_extracted,not_extracted,not_extracted,not_extracted,indirect_discovery_metadata,pending,OpenAlex discovery hit; requires primary-source verification
W4401022382,Multifidelity graph neural networks for efficient and accurate mesh‐based partial differential equations surrogate modeling,2024,Computer-Aided Civil and Infrastructure Engineering,article,candidate_unverified,graph_dynamics,Q10,20,Mehdi Taghizadeh; Mohammad Amin Nabian; Negin Alemazkoor,https://doi.org/10.1111/mice.13312,https://doi.org/10.1111/mice.13312,35,hybrid,not_extracted,not_extracted,not_extracted,not_extracted,not_extracted,not_extracted,not_extracted,not_extracted,not_extracted,not_extracted,not_extracted,not_extracted,not_extracted,not_extracted,not_extracted,indirect_discovery_metadata,pending,OpenAlex discovery hit; requires primary-source verification
W3000651374,Multimedia Internet of Things: A Comprehensive Survey,2020,IEEE Access,article,candidate_unverified,graph_dynamics,Q10,21,Ali Nauman; Yazdan Ahmad Qadri; Muhammad Amjad; Yousaf Bin Zikria; Muhammad Khalil Afzal; Sung Won Kim,https://doi.org/10.1109/access.2020.2964280,https://doi.org/10.1109/access.2020.2964280,315,gold,not_extracted,not_extracted,not_extracted,not_extracted,not_extracted,not_extracted,not_extracted,not_extracted,not_extracted,not_extracted,not_extracted,not_extracted,not_extracted,not_extracted,not_extracted,indirect_discovery_metadata,pending,OpenAlex discovery hit; requires primary-source verification
W4381149414,Physics-Informed Deep Learning for Traffic State Estimation: A Survey and the Outlook,2023,Algorithms,article,candidate_unverified,graph_dynamics,Q10,22,Xuan Di; Rongye Shi; Zhaobin Mo; Yongjie Fu,https://doi.org/10.3390/a16060305,https://doi.org/10.3390/a16060305,58,gold,not_extracted,not_extracted,not_extracted,not_extracted,not_extracted,not_extracted,not_extracted,not_extracted,not_extracted,not_extracted,not_extracted,not_extracted,not_extracted,not_extracted,not_extracted,indirect_discovery_metadata,pending,OpenAlex discovery hit; requires primary-source verification
W4365504037,"A survey on deep learning tools dealing with data scarcity: definitions, challenges, solutions, tips, and applications",2023,Journal Of Big Data,article,candidate_unverified,graph_dynamics,Q10,23,Laith Alzubaidi; Jinshuai Bai; Aiman Al-Sabaawi; José Santamaría; A. S. Albahri; Bashar Sami Nayyef Al-dabbagh; Mohammed A. Fadhel; Mohamed Manoufali,https://doi.org/10.1186/s40537-023-00727-2,https://doi.org/10.1186/s40537-023-00727-2,851,gold,not_extracted,not_extracted,not_extracted,not_extracted,not_extracted,not_extracted,not_extracted,not_extracted,not_extracted,not_extracted,not_extracted,not_extracted,not_extracted,not_extracted,not_extracted,indirect_discovery_metadata,pending,OpenAlex discovery hit; requires primary-source verification
W3109356043,Machine Learning Meets Communication Networks: Current Trends and Future Challenges,2020,IEEE Access,article,candidate_unverified,graph_dynamics,Q10,24,Ijaz Ahmad; Shariar Shahabuddin; Hassan Malik; Erkki Harjula; Teemu Leppänen; Lauri Lovén; Antti Anttonen; Ali Hassan Sodhro,https://doi.org/10.1109/access.2020.3041765,https://doi.org/10.1109/access.2020.3041765,141,gold,not_extracted,not_extracted,not_extracted,not_extracted,not_extracted,not_extracted,not_extracted,not_extracted,not_extracted,not_extracted,not_extracted,not_extracted,not_extracted,not_extracted,not_extracted,indirect_discovery_metadata,pending,OpenAlex discovery hit; requires primary-source verification
W4322761281,Edge AI: A survey,2023,Internet of Things and Cyber-Physical Systems,article,candidate_unverified,graph_dynamics,Q10,25,Raghubir Singh; Sukhpal Singh Gill,https://doi.org/10.1016/j.iotcps.2023.02.004,https://doi.org/10.1016/j.iotcps.2023.02.004,499,diamond,not_extracted,not_extracted,not_extracted,not_extracted,not_extracted,not_extracted,not_extracted,not_extracted,not_extracted,not_extracted,not_extracted,not_extracted,not_extracted,not_extracted,not_extracted,indirect_discovery_metadata,pending,OpenAlex discovery hit; requires primary-source verification
W3156295478,Multi-agent deep reinforcement learning: a survey,2021,Artificial Intelligence Review,article,candidate_unverified,multi_agent_tsc,Q11,1,Sven Gronauer; Klaus Diepold,https://doi.org/10.1007/s10462-021-09996-w,https://doi.org/10.1007/s10462-021-09996-w,882,hybrid,not_extracted,not_extracted,not_extracted,not_extracted,not_extracted,not_extracted,not_extracted,not_extracted,not_extracted,not_extracted,not_extracted,not_extracted,not_extracted,not_extracted,not_extracted,indirect_discovery_metadata,pending,OpenAlex discovery hit; requires primary-source verification
W4220899555,Reinforcement learning in urban network traffic signal control: A systematic literature review,2022,Expert Systems with Applications,review,candidate_unverified,multi_agent_tsc,Q11,2,Mohammad Noaeen; Atharva Naik; Liana Goodman; Jared Crebo; Taimoor Abrar; Zahra Shakeri Hossein Abad; Ana L. C. Bazzan; Behrouz H. Far,https://doi.org/10.1016/j.eswa.2022.116830,https://doi.org/10.1016/j.eswa.2022.116830,233,hybrid,not_extracted,not_extracted,not_extracted,not_extracted,not_extracted,not_extracted,not_extracted,not_extracted,not_extracted,not_extracted,not_extracted,not_extracted,not_extracted,not_extracted,not_extracted,indirect_discovery_metadata,pending,OpenAlex discovery hit; requires primary-source verification
W3035721219,Application of Deep Reinforcement Learning in Traffic Signal Control: An Overview and Impact of Open Traffic Data,2020,Applied Sciences,article,candidate_unverified,multi_agent_tsc,Q11,3,Martin Gregurić; Miroslav Vujić; Charalampos Alexopoulos; Mladen Miletić,https://doi.org/10.3390/app10114011,https://doi.org/10.3390/app10114011,99,gold,not_extracted,not_extracted,not_extracted,not_extracted,not_extracted,not_extracted,not_extracted,not_extracted,not_extracted,not_extracted,not_extracted,not_extracted,not_extracted,not_extracted,not_extracted,indirect_discovery_metadata,pending,OpenAlex discovery hit; requires primary-source verification
W4311405210,EMVLight: A multi-agent reinforcement learning framework for an emergency vehicle decentralized routing and traffic signal control system,2022,Transportation Research Part C Emerging Technologies,article,candidate_unverified,multi_agent_tsc,Q11,4,Haoran Su; Yaofeng Desmond Zhong; Joseph Y.J. Chow; Biswadip Dey; Li Jin,https://doi.org/10.1016/j.trc.2022.103955,https://doi.org/10.1016/j.trc.2022.103955,83,green,not_extracted,not_extracted,not_extracted,not_extracted,not_extracted,not_extracted,not_extracted,not_extracted,not_extracted,not_extracted,not_extracted,not_extracted,not_extracted,not_extracted,not_extracted,indirect_discovery_metadata,pending,OpenAlex discovery hit; requires primary-source verification
W4390638728,A survey of multi-agent deep reinforcement learning with communication,2024,Autonomous Agents and Multi-Agent Systems,article,candidate_unverified,multi_agent_tsc,Q11,5,Changxi Zhu; Mehdi Dastani; Shihan Wang,https://doi.org/10.1007/s10458-023-09633-6,https://doi.org/10.1007/s10458-023-09633-6,133,hybrid,not_extracted,not_extracted,not_extracted,not_extracted,not_extracted,not_extracted,not_extracted,not_extracted,not_extracted,not_extracted,not_extracted,not_extracted,not_extracted,not_extracted,not_extracted,indirect_discovery_metadata,pending,OpenAlex discovery hit; requires primary-source verification
W3034606981,"A Survey of Multi-Access Edge Computing in 5G and Beyond: Fundamentals, Technology Integration, and State-of-the-Art",2020,IEEE Access,article,candidate_unverified,multi_agent_tsc,Q11,6,Quoc‐Viet Pham; Fang Fang; Vu Nguyen Ha; Md. Jalil Piran; Mai Le; Long Bao Le; Won–Joo Hwang; Zhiguo Ding,https://doi.org/10.1109/access.2020.3001277,https://doi.org/10.1109/access.2020.3001277,861,gold,not_extracted,not_extracted,not_extracted,not_extracted,not_extracted,not_extracted,not_extracted,not_extracted,not_extracted,not_extracted,not_extracted,not_extracted,not_extracted,not_extracted,not_extracted,indirect_discovery_metadata,pending,OpenAlex discovery hit; requires primary-source verification
W3212907084,Multi-agent reinforcement learning for cooperative lane changing of connected and autonomous vehicles in mixed traffic,2022,Autonomous Intelligent Systems,article,candidate_unverified,multi_agent_tsc,Q11,7,Wei Zhou; Dong Chen; Jun Yan; Zhaojian Li; Huilin Yin; Wanchen Ge,https://doi.org/10.1007/s43684-022-00023-5,https://doi.org/10.1007/s43684-022-00023-5,140,diamond,not_extracted,not_extracted,not_extracted,not_extracted,not_extracted,not_extracted,not_extracted,not_extracted,not_extracted,not_extracted,not_extracted,not_extracted,not_extracted,not_extracted,not_extracted,indirect_discovery_metadata,pending,OpenAlex discovery hit; requires primary-source verification
W3127161477,Deep Learning for Network Traffic Monitoring and Analysis (NTMA): A Survey,2021,Computer Communications,article,candidate_unverified,multi_agent_tsc,Q11,8,Mahmoud Abbasi; Amin Shahraki; Amir Taherkordi,https://doi.org/10.1016/j.comcom.2021.01.021,https://doi.org/10.1016/j.comcom.2021.01.021,433,hybrid,not_extracted,not_extracted,not_extracted,not_extracted,not_extracted,not_extracted,not_extracted,not_extracted,not_extracted,not_extracted,not_extracted,not_extracted,not_extracted,not_extracted,not_extracted,indirect_discovery_metadata,pending,OpenAlex discovery hit; requires primary-source verification
W2929612105,Quantum Machine Learning for 6G Communication Networks: State-of-the-Art and Vision for the Future,2019,IEEE Access,article,candidate_unverified,multi_agent_tsc,Q11,9,Syed Junaid Nawaz; Shree Krishna Sharma; Shurjeel Wyne; Mohammad Patwary; Md Asaduzzaman,https://doi.org/10.1109/access.2019.2909490,https://doi.org/10.1109/access.2019.2909490,653,gold,not_extracted,not_extracted,not_extracted,not_extracted,not_extracted,not_extracted,not_extracted,not_extracted,not_extracted,not_extracted,not_extracted,not_extracted,not_extracted,not_extracted,not_extracted,indirect_discovery_metadata,pending,OpenAlex discovery hit; requires primary-source verification
W3147948705,Review of Data Fusion Methods for Real-Time and Multi-Sensor Traffic Flow Analysis,2021,IEEE Access,article,candidate_unverified,multi_agent_tsc,Q11,10,Shafiza Ariffin Kashinath; Salama A. Mostafa; Aida Mustapha; Hairulnizam Mahdin; David Lim; Moamin A. Mahmoud; Mazin Abed Mohammed; Bander Ali Saleh Al‐rimy,https://doi.org/10.1109/access.2021.3069770,https://doi.org/10.1109/access.2021.3069770,190,gold,not_extracted,not_extracted,not_extracted,not_extracted,not_extracted,not_extracted,not_extracted,not_extracted,not_extracted,not_extracted,not_extracted,not_extracted,not_extracted,not_extracted,not_extracted,indirect_discovery_metadata,pending,OpenAlex discovery hit; requires primary-source verification
W4376480457,Multi-Agent Reinforcement Learning Based on Representational Communication for Large-Scale Traffic Signal Control,2023,IEEE Access,article,candidate_unverified,multi_agent_tsc,Q11,11,Rohit Bokade; Xiaoning Jin; Christopher Amato,https://doi.org/10.1109/access.2023.3275883,https://doi.org/10.1109/access.2023.3275883,36,gold,not_extracted,not_extracted,not_extracted,not_extracted,not_extracted,not_extracted,not_extracted,not_extracted,not_extracted,not_extracted,not_extracted,not_extracted,not_extracted,not_extracted,not_extracted,indirect_discovery_metadata,pending,OpenAlex discovery hit; requires primary-source verification
W3189694631,PowerNet: Multi-Agent Deep Reinforcement Learning for Scalable Powergrid Control,2021,IEEE Transactions on Power Systems,article,candidate_unverified,multi_agent_tsc,Q11,12,Dong Chen; Kaian Chen; Zhaojian Li; Tianshu Chu; Rui Yao; Feng Qiu; Kaixiang Lin,https://doi.org/10.1109/tpwrs.2021.3100898,https://doi.org/10.1109/tpwrs.2021.3100898,91,green,not_extracted,not_extracted,not_extracted,not_extracted,not_extracted,not_extracted,not_extracted,not_extracted,not_extracted,not_extracted,not_extracted,not_extracted,not_extracted,not_extracted,not_extracted,indirect_discovery_metadata,pending,OpenAlex discovery hit; requires primary-source verification
W3135028703,"Machine Learning: Algorithms, Real-World Applications and Research Directions",2021,SN Computer Science,article,candidate_unverified,multi_agent_tsc,Q11,13,Iqbal H. Sarker,https://doi.org/10.1007/s42979-021-00592-x,https://doi.org/10.1007/s42979-021-00592-x,5262,bronze,not_extracted,not_extracted,not_extracted,not_extracted,not_extracted,not_extracted,not_extracted,not_extracted,not_extracted,not_extracted,not_extracted,not_extracted,not_extracted,not_extracted,not_extracted,indirect_discovery_metadata,pending,OpenAlex discovery hit; requires primary-source verification
W2983178256,CoLight,2019,not_extracted,conference-paper,candidate_unverified,multi_agent_tsc,Q11,14,Hua Wei; Nan Xu; Huichu Zhang; Guanjie Zheng; Xinshi Zang; Chacha Chen; Weinan Zhang; Yanmin Zhu,https://doi.org/10.1145/3357384.3357902,https://doi.org/10.1145/3357384.3357902,424,gold,not_extracted,not_extracted,not_extracted,not_extracted,not_extracted,not_extracted,not_extracted,not_extracted,not_extracted,not_extracted,not_extracted,not_extracted,not_extracted,not_extracted,not_extracted,indirect_discovery_metadata,pending,OpenAlex discovery hit; requires primary-source verification
W3046452801,An Edge Based Multi-Agent Auto Communication Method for Traffic Light Control,2020,Sensors,article,candidate_unverified,multi_agent_tsc,Q11,15,Qiang Wu; Jianqing Wu; Jun Shen; Binbin Yong; Qingguo Zhou,https://doi.org/10.3390/s20154291,https://doi.org/10.3390/s20154291,29,gold,not_extracted,not_extracted,not_extracted,not_extracted,not_extracted,not_extracted,not_extracted,not_extracted,not_extracted,not_extracted,not_extracted,not_extracted,not_extracted,not_extracted,not_extracted,indirect_discovery_metadata,pending,OpenAlex discovery hit; requires primary-source verification
W3130559101,Seven Defining Features of Terahertz (THz) Wireless Systems: A Fellowship of Communication and Sensing,2022,IEEE Communications Surveys & Tutorials,article,candidate_unverified,multi_agent_tsc,Q11,16,Christina Chaccour; Mehdi Naderi Soorki; Walid Saad; Mehdi Bennis; Petar Popovski; Mérouane Debbah,https://doi.org/10.1109/comst.2022.3143454,https://doi.org/10.1109/comst.2022.3143454,506,green,not_extracted,not_extracted,not_extracted,not_extracted,not_extracted,not_extracted,not_extracted,not_extracted,not_extracted,not_extracted,not_extracted,not_extracted,not_extracted,not_extracted,not_extracted,indirect_discovery_metadata,pending,OpenAlex discovery hit; requires primary-source verification
W4410121475,Traffic Signal Control via Reinforcement Learning: A Review on Applications and Innovations,2025,Infrastructures,article,candidate_unverified,multi_agent_tsc,Q11,17,Panagiotis Michailidis; Iakovos Michailidis; Charalampos Rafail Lazaridis; Elias B. Kosmatopoulos,https://doi.org/10.3390/infrastructures10050114,https://doi.org/10.3390/infrastructures10050114,70,gold,not_extracted,not_extracted,not_extracted,not_extracted,not_extracted,not_extracted,not_extracted,not_extracted,not_extracted,not_extracted,not_extracted,not_extracted,not_extracted,not_extracted,not_extracted,indirect_discovery_metadata,pending,OpenAlex discovery hit; requires primary-source verification
W4386162561,"Survey of containment control in multi-agent systems: concepts, communication, dynamics, and controller design",2023,International Journal of Systems Science,article,candidate_unverified,multi_agent_tsc,Q11,18,Mourya Thummalapeta; Yen‐Chen Liu,https://doi.org/10.1080/00207721.2023.2250041,https://doi.org/10.1080/00207721.2023.2250041,68,hybrid,not_extracted,not_extracted,not_extracted,not_extracted,not_extracted,not_extracted,not_extracted,not_extracted,not_extracted,not_extracted,not_extracted,not_extracted,not_extracted,not_extracted,not_extracted,indirect_discovery_metadata,pending,OpenAlex discovery hit; requires primary-source verification
W4362640737,Signal propagation in complex networks,2023,Physics Reports,article,candidate_unverified,multi_agent_tsc,Q11,19,Peng Ji; Jiachen Ye; Yu Mu; Wei Lin; Yang Tian; Chittaranjan Hens; Matjaž Perc; Yang Tang,https://doi.org/10.1016/j.physrep.2023.03.005,https://doi.org/10.1016/j.physrep.2023.03.005,350,bronze,not_extracted,not_extracted,not_extracted,not_extracted,not_extracted,not_extracted,not_extracted,not_extracted,not_extracted,not_extracted,not_extracted,not_extracted,not_extracted,not_extracted,not_extracted,indirect_discovery_metadata,pending,OpenAlex discovery hit; requires primary-source verification
W2809684781,"A comprehensive survey on machine learning for networking: evolution, applications and research opportunities",2018,Journal of Internet Services and Applications,article,candidate_unverified,multi_agent_tsc,Q11,20,Raouf Boutaba; Mohammad A. Salahuddin; Noura Limam; Sara Ayoubi; Nashid Shahriar; Felipe Estrada‐Solano; Oscar Maurício Caicedo Rendón,https://doi.org/10.1186/s13174-018-0087-2,https://doi.org/10.1186/s13174-018-0087-2,1008,gold,not_extracted,not_extracted,not_extracted,not_extracted,not_extracted,not_extracted,not_extracted,not_extracted,not_extracted,not_extracted,not_extracted,not_extracted,not_extracted,not_extracted,not_extracted,indirect_discovery_metadata,pending,OpenAlex discovery hit; requires primary-source verification
W4294741352,"6G Mobile Communication Technology: Requirements, Targets, Applications, Challenges, Advantages, and Opportunities",2022,Alexandria Engineering Journal,article,candidate_unverified,multi_agent_tsc,Q11,21,Mohammed Banafaa; Ibraheem Shayea; Jafri Din; Marwan Hadri Azmi; Abdulaziz Alashbi; Yousef Ibrahim Daradkeh; Abdulraqeb Alhammadi,https://doi.org/10.1016/j.aej.2022.08.017,https://doi.org/10.1016/j.aej.2022.08.017,452,gold,not_extracted,not_extracted,not_extracted,not_extracted,not_extracted,not_extracted,not_extracted,not_extracted,not_extracted,not_extracted,not_extracted,not_extracted,not_extracted,not_extracted,not_extracted,indirect_discovery_metadata,pending,OpenAlex discovery hit; requires primary-source verification
W2921698889,"5G Communication: An Overview of Vehicle-to-Everything, Drones, and Healthcare Use-Cases",2019,IEEE Access,article,candidate_unverified,multi_agent_tsc,Q11,22,Hanif Ullah; Nithya G. Nair; Adrian Moore; Chris Nugent; Paul Muschamp; Maria Cuevas,https://doi.org/10.1109/access.2019.2905347,https://doi.org/10.1109/access.2019.2905347,332,gold,not_extracted,not_extracted,not_extracted,not_extracted,not_extracted,not_extracted,not_extracted,not_extracted,not_extracted,not_extracted,not_extracted,not_extracted,not_extracted,not_extracted,not_extracted,indirect_discovery_metadata,pending,OpenAlex discovery hit; requires primary-source verification
W4210840103,Recent Trends in Underwater Visible Light Communication (UVLC) Systems,2022,IEEE Access,article,candidate_unverified,multi_agent_tsc,Q11,23,Mohammad Furqan Ali; Dushantha Nalin K. Jayakody; Yonghui Li,https://doi.org/10.1109/access.2022.3150093,https://doi.org/10.1109/access.2022.3150093,248,gold,not_extracted,not_extracted,not_extracted,not_extracted,not_extracted,not_extracted,not_extracted,not_extracted,not_extracted,not_extracted,not_extracted,not_extracted,not_extracted,not_extracted,not_extracted,indirect_discovery_metadata,pending,OpenAlex discovery hit; requires primary-source verification
W3129336662,Communication-efficient and distributed learning over wireless networks:principles and applications,2021,University of Oulu Repository (University of Oulu),article,candidate_unverified,multi_agent_tsc,Q11,24,Jihong Park; Sumudu Samarakoon; Anis Elgabli; Joongheon Kim; Mehdi Bennis; Seong‐Lyun Kim; Mérouane Debbah,,http://urn.fi/urn:nbn:fi-fe2021082343805,226,green,not_extracted,not_extracted,not_extracted,not_extracted,not_extracted,not_extracted,not_extracted,not_extracted,not_extracted,not_extracted,not_extracted,not_extracted,not_extracted,not_extracted,not_extracted,indirect_discovery_metadata,pending,OpenAlex discovery hit; requires primary-source verification
W4394567203,Integration of Decentralized Graph-Based Multi-Agent Reinforcement Learning with Digital Twin for Traffic Signal Optimization,2024,Symmetry,article,candidate_unverified,multi_agent_tsc,Q11,25,Vijayalakshmi K Kumarasamy; Abhilasha Saroj; Yu Liang; Dalei Wu; Michael Hunter; Angshuman Guin; Mina Sartipi,https://doi.org/10.3390/sym16040448,https://doi.org/10.3390/sym16040448,32,gold,not_extracted,not_extracted,not_extracted,not_extracted,not_extracted,not_extracted,not_extracted,not_extracted,not_extracted,not_extracted,not_extracted,not_extracted,not_extracted,not_extracted,not_extracted,indirect_discovery_metadata,pending,OpenAlex discovery hit; requires primary-source verification
W2905224888,Graph Neural Networks: A Review of Methods and Applications,2018,arXiv (Cornell University),preprint,candidate_unverified,multi_agent_tsc,Q12,1,Jie Zhou; Ganqu Cui; Shengding Hu; Zhengyan Zhang; Cheng Yang; Zhiyuan Liu; Lifeng Wang; Changcheng Li,https://doi.org/10.48550/arxiv.1812.08434,http://arxiv.org/abs/1812.08434,1448,green,not_extracted,not_extracted,not_extracted,not_extracted,not_extracted,not_extracted,not_extracted,not_extracted,not_extracted,not_extracted,not_extracted,not_extracted,not_extracted,not_extracted,not_extracted,indirect_discovery_metadata,pending,OpenAlex discovery hit; requires primary-source verification
W3096632704,Deep Reinforcement Learning for Traffic Signal Control: A Review,2020,IEEE Access,article,candidate_unverified,multi_agent_tsc,Q12,2,Faizan Rasheed; Kok‐Lim Alvin Yau; Rafidah Md Noor; Celimuge Wu; Yeh-Ching Low,https://doi.org/10.1109/access.2020.3034141,https://doi.org/10.1109/access.2020.3034141,162,gold,not_extracted,not_extracted,not_extracted,not_extracted,not_extracted,not_extracted,not_extracted,not_extracted,not_extracted,not_extracted,not_extracted,not_extracted,not_extracted,not_extracted,not_extracted,indirect_discovery_metadata,pending,OpenAlex discovery hit; requires primary-source verification
W3127161477,Deep Learning for Network Traffic Monitoring and Analysis (NTMA): A Survey,2021,Computer Communications,article,candidate_unverified,multi_agent_tsc,Q12,3,Mahmoud Abbasi; Amin Shahraki; Amir Taherkordi,https://doi.org/10.1016/j.comcom.2021.01.021,https://doi.org/10.1016/j.comcom.2021.01.021,433,hybrid,not_extracted,not_extracted,not_extracted,not_extracted,not_extracted,not_extracted,not_extracted,not_extracted,not_extracted,not_extracted,not_extracted,not_extracted,not_extracted,not_extracted,not_extracted,indirect_discovery_metadata,pending,OpenAlex discovery hit; requires primary-source verification
W3035721219,Application of Deep Reinforcement Learning in Traffic Signal Control: An Overview and Impact of Open Traffic Data,2020,Applied Sciences,article,candidate_unverified,multi_agent_tsc,Q12,4,Martin Gregurić; Miroslav Vujić; Charalampos Alexopoulos; Mladen Miletić,https://doi.org/10.3390/app10114011,https://doi.org/10.3390/app10114011,99,gold,not_extracted,not_extracted,not_extracted,not_extracted,not_extracted,not_extracted,not_extracted,not_extracted,not_extracted,not_extracted,not_extracted,not_extracted,not_extracted,not_extracted,not_extracted,indirect_discovery_metadata,pending,OpenAlex discovery hit; requires primary-source verification
W2809684781,"A comprehensive survey on machine learning for networking: evolution, applications and research opportunities",2018,Journal of Internet Services and Applications,article,candidate_unverified,multi_agent_tsc,Q12,5,Raouf Boutaba; Mohammad A. Salahuddin; Noura Limam; Sara Ayoubi; Nashid Shahriar; Felipe Estrada‐Solano; Oscar Maurício Caicedo Rendón,https://doi.org/10.1186/s13174-018-0087-2,https://doi.org/10.1186/s13174-018-0087-2,1008,gold,not_extracted,not_extracted,not_extracted,not_extracted,not_extracted,not_extracted,not_extracted,not_extracted,not_extracted,not_extracted,not_extracted,not_extracted,not_extracted,not_extracted,not_extracted,indirect_discovery_metadata,pending,OpenAlex discovery hit; requires primary-source verification
W2973184394,Q-Learning Algorithms: A Comprehensive Classification and Applications,2019,IEEE Access,article,candidate_unverified,multi_agent_tsc,Q12,6,Beakcheol Jang; Myeonghwi Kim; Gaspard Harerimana; Jong Wook Kim,https://doi.org/10.1109/access.2019.2941229,https://doi.org/10.1109/access.2019.2941229,627,gold,not_extracted,not_extracted,not_extracted,not_extracted,not_extracted,not_extracted,not_extracted,not_extracted,not_extracted,not_extracted,not_extracted,not_extracted,not_extracted,not_extracted,not_extracted,indirect_discovery_metadata,pending,OpenAlex discovery hit; requires primary-source verification
W3099098707,A Gentle Introduction to Reinforcement Learning and its Application in Different Fields,2020,IEEE Access,article,candidate_unverified,multi_agent_tsc,Q12,7,Muddasar Naeem; Syed Tahir Hussain Rizvi; Antonio Coronato,https://doi.org/10.1109/access.2020.3038605,https://doi.org/10.1109/access.2020.3038605,248,gold,not_extracted,not_extracted,not_extracted,not_extracted,not_extracted,not_extracted,not_extracted,not_extracted,not_extracted,not_extracted,not_extracted,not_extracted,not_extracted,not_extracted,not_extracted,indirect_discovery_metadata,pending,OpenAlex discovery hit; requires primary-source verification
W3192769286,Reinforcement-learning in fronto-striatal circuits,2021,Neuropsychopharmacology,article,candidate_unverified,multi_agent_tsc,Q12,8,Bruno B. Averbeck; John P. O’Doherty,https://doi.org/10.1038/s41386-021-01108-0,https://doi.org/10.1038/s41386-021-01108-0,142,bronze,not_extracted,not_extracted,not_extracted,not_extracted,not_extracted,not_extracted,not_extracted,not_extracted,not_extracted,not_extracted,not_extracted,not_extracted,not_extracted,not_extracted,not_extracted,indirect_discovery_metadata,pending,OpenAlex discovery hit; requires primary-source verification
W4210909794,A survey of inverse reinforcement learning,2022,Artificial Intelligence Review,article,candidate_unverified,multi_agent_tsc,Q12,9,Stephen Adams; Tyler Cody; Peter A. Beling,https://doi.org/10.1007/s10462-021-10108-x,https://doi.org/10.1007/s10462-021-10108-x,123,hybrid,not_extracted,not_extracted,not_extracted,not_extracted,not_extracted,not_extracted,not_extracted,not_extracted,not_extracted,not_extracted,not_extracted,not_extracted,not_extracted,not_extracted,not_extracted,indirect_discovery_metadata,pending,OpenAlex discovery hit; requires primary-source verification
W4311405210,EMVLight: A multi-agent reinforcement learning framework for an emergency vehicle decentralized routing and traffic signal control system,2022,Transportation Research Part C Emerging Technologies,article,candidate_unverified,multi_agent_tsc,Q12,10,Haoran Su; Yaofeng Desmond Zhong; Joseph Y.J. Chow; Biswadip Dey; Li Jin,https://doi.org/10.1016/j.trc.2022.103955,https://doi.org/10.1016/j.trc.2022.103955,83,green,not_extracted,not_extracted,not_extracted,not_extracted,not_extracted,not_extracted,not_extracted,not_extracted,not_extracted,not_extracted,not_extracted,not_extracted,not_extracted,not_extracted,not_extracted,indirect_discovery_metadata,pending,OpenAlex discovery hit; requires primary-source verification
W4220970489,Explainable Deep Reinforcement Learning: State of the Art and Challenges,2022,ACM Computing Surveys,article,candidate_unverified,multi_agent_tsc,Q12,11,George A. Vouros,https://doi.org/10.1145/3527448,https://doi.org/10.1145/3527448,150,green,not_extracted,not_extracted,not_extracted,not_extracted,not_extracted,not_extracted,not_extracted,not_extracted,not_extracted,not_extracted,not_extracted,not_extracted,not_extracted,not_extracted,not_extracted,indirect_discovery_metadata,pending,OpenAlex discovery hit; requires primary-source verification
W4226286144,A Comprehensive Survey on the Application of Deep and Reinforcement Learning Approaches in Autonomous Driving,2022,Journal of King Saud University - Computer and Information Sciences,article,candidate_unverified,multi_agent_tsc,Q12,12,Badr Ben Elallid; Nabil Benamar; Abdelhakim Hafid; Tajjeeddine Rachidi; Nabil Mrani,https://doi.org/10.1016/j.jksuci.2022.03.013,https://doi.org/10.1016/j.jksuci.2022.03.013,166,hybrid,not_extracted,not_extracted,not_extracted,not_extracted,not_extracted,not_extracted,not_extracted,not_extracted,not_extracted,not_extracted,not_extracted,not_extracted,not_extracted,not_extracted,not_extracted,indirect_discovery_metadata,pending,OpenAlex discovery hit; requires primary-source verification
W4282981352,Human Action Recognition From Various Data Modalities: A Review,2022,IEEE Transactions on Pattern Analysis and Machine Intelligence,article,candidate_unverified,multi_agent_tsc,Q12,13,Zehua Sun; Qiuhong Ke; Hossein Rahmani; Mohammed Bennamoun; Gang Wang; Jun Liu,https://doi.org/10.1109/tpami.2022.3183112,https://doi.org/10.1109/tpami.2022.3183112,572,green,not_extracted,not_extracted,not_extracted,not_extracted,not_extracted,not_extracted,not_extracted,not_extracted,not_extracted,not_extracted,not_extracted,not_extracted,not_extracted,not_extracted,not_extracted,indirect_discovery_metadata,pending,OpenAlex discovery hit; requires primary-source verification
W4224303892,Deep Reinforcement Learning for Resource Management on Network Slicing: A Survey,2022,Sensors,article,candidate_unverified,multi_agent_tsc,Q12,14,Johanna Andrea Hurtado Sánchez; Katherine Casilimas; Oscar Maurício Caicedo Rendón,https://doi.org/10.3390/s22083031,https://doi.org/10.3390/s22083031,129,gold,not_extracted,not_extracted,not_extracted,not_extracted,not_extracted,not_extracted,not_extracted,not_extracted,not_extracted,not_extracted,not_extracted,not_extracted,not_extracted,not_extracted,not_extracted,indirect_discovery_metadata,pending,OpenAlex discovery hit; requires primary-source verification
W4362519817,Multi-Agent Deep Reinforcement Learning for Multi-Robot Applications: A Survey,2023,Sensors,article,candidate_unverified,multi_agent_tsc,Q12,15,James Orr; Ayan Dutta,https://doi.org/10.3390/s23073625,https://doi.org/10.3390/s23073625,180,gold,not_extracted,not_extracted,not_extracted,not_extracted,not_extracted,not_extracted,not_extracted,not_extracted,not_extracted,not_extracted,not_extracted,not_extracted,not_extracted,not_extracted,not_extracted,indirect_discovery_metadata,pending,OpenAlex discovery hit; requires primary-source verification
W3212580602,Crossing the Reality Gap: A Survey on Sim-to-Real Transferability of Robot Controllers in Reinforcement Learning,2021,IEEE Access,article,candidate_unverified,multi_agent_tsc,Q12,16,Erica Salvato; Gianfranco Fenu; Eric Medvet; Felice Andrea Pellegrino,https://doi.org/10.1109/access.2021.3126658,https://doi.org/10.1109/access.2021.3126658,185,gold,not_extracted,not_extracted,not_extracted,not_extracted,not_extracted,not_extracted,not_extracted,not_extracted,not_extracted,not_extracted,not_extracted,not_extracted,not_extracted,not_extracted,not_extracted,indirect_discovery_metadata,pending,OpenAlex discovery hit; requires primary-source verification
W3165031368,"Graph-Based Deep Learning for Medical Diagnosis and Analysis: Past, Present and Future",2021,Sensors,article,candidate_unverified,multi_agent_tsc,Q12,17,David Ahmedt‐Aristizabal; Mohammad Ali Armin; Simon Denman; Clinton Fookes; Lars Petersson,https://doi.org/10.3390/s21144758,https://doi.org/10.3390/s21144758,257,gold,not_extracted,not_extracted,not_extracted,not_extracted,not_extracted,not_extracted,not_extracted,not_extracted,not_extracted,not_extracted,not_extracted,not_extracted,not_extracted,not_extracted,not_extracted,indirect_discovery_metadata,pending,OpenAlex discovery hit; requires primary-source verification
W4391399751,"Human-in-the-Loop Reinforcement Learning: A Survey and Position on Requirements, Challenges, and Opportunities",2024,Journal of Artificial Intelligence Research,article,candidate_unverified,multi_agent_tsc,Q12,18,Carl Orge Retzlaff; Srijita Das; Christabel Wayllace; Payam Mousavi; Mohammad Afshari; Tianpei Yang; Anna Saranti; Alessa Angerschmid,https://doi.org/10.1613/jair.1.15348,https://doi.org/10.1613/jair.1.15348,143,diamond,not_extracted,not_extracted,not_extracted,not_extracted,not_extracted,not_extracted,not_extracted,not_extracted,not_extracted,not_extracted,not_extracted,not_extracted,not_extracted,not_extracted,not_extracted,indirect_discovery_metadata,pending,OpenAlex discovery hit; requires primary-source verification
W4405349730,A reinforcement learning approach for reducing traffic congestion using deep Q learning,2024,Scientific Reports,article,candidate_unverified,multi_agent_tsc,Q12,19,S M Masfequier Rahman Swapno; S. M. Nuruzzaman Nobel; Preeti Meena; Veerpratap Meena; Ahmad Taher Azar; Zeeshan Haider; Mohamed Tounsi,https://doi.org/10.1038/s41598-024-75638-0,https://doi.org/10.1038/s41598-024-75638-0,57,gold,not_extracted,not_extracted,not_extracted,not_extracted,not_extracted,not_extracted,not_extracted,not_extracted,not_extracted,not_extracted,not_extracted,not_extracted,not_extracted,not_extracted,not_extracted,indirect_discovery_metadata,pending,OpenAlex discovery hit; requires primary-source verification
W2964749398,PressLight,2019,not_extracted,conference-paper,candidate_unverified,multi_agent_tsc,Q12,20,Hua Wei; Chacha Chen; Guanjie Zheng; Kan Wu; Vikash V. Gayah; Kai Xu; Zhenhui Li,https://doi.org/10.1145/3292500.3330949,https://doi.org/10.1145/3292500.3330949,399,gold,not_extracted,not_extracted,not_extracted,not_extracted,not_extracted,not_extracted,not_extracted,not_extracted,not_extracted,not_extracted,not_extracted,not_extracted,not_extracted,not_extracted,not_extracted,indirect_discovery_metadata,pending,OpenAlex discovery hit; requires primary-source verification
W4394567203,Integration of Decentralized Graph-Based Multi-Agent Reinforcement Learning with Digital Twin for Traffic Signal Optimization,2024,Symmetry,article,candidate_unverified,multi_agent_tsc,Q12,21,Vijayalakshmi K Kumarasamy; Abhilasha Saroj; Yu Liang; Dalei Wu; Michael Hunter; Angshuman Guin; Mina Sartipi,https://doi.org/10.3390/sym16040448,https://doi.org/10.3390/sym16040448,32,gold,not_extracted,not_extracted,not_extracted,not_extracted,not_extracted,not_extracted,not_extracted,not_extracted,not_extracted,not_extracted,not_extracted,not_extracted,not_extracted,not_extracted,not_extracted,indirect_discovery_metadata,pending,OpenAlex discovery hit; requires primary-source verification
W2944633916,Diagnosing Reinforcement Learning for Traffic Signal Control,2019,arXiv (Cornell University),preprint,candidate_unverified,multi_agent_tsc,Q12,22,Guanjie Zheng; Xinshi Zang; Nan Xu; Hua Wei; Zhengyao Yu; Vikash V. Gayah; Kai Xu; Zhenhui Li,https://doi.org/10.48550/arxiv.1905.04716,http://arxiv.org/abs/1905.04716,23,green,not_extracted,not_extracted,not_extracted,not_extracted,not_extracted,not_extracted,not_extracted,not_extracted,not_extracted,not_extracted,not_extracted,not_extracted,not_extracted,not_extracted,not_extracted,indirect_discovery_metadata,pending,OpenAlex discovery hit; requires primary-source verification
W3090369187,Computing Graph Neural Networks: A Survey from Algorithms to Accelerators,2021,ACM Computing Surveys,article,candidate_unverified,multi_agent_tsc,Q12,23,Sergi Abadal; Akshay Jain; Robert Guirado; Jorge López-Alonso; Eduard Alarcón,https://doi.org/10.1145/3477141,https://doi.org/10.1145/3477141,284,hybrid,not_extracted,not_extracted,not_extracted,not_extracted,not_extracted,not_extracted,not_extracted,not_extracted,not_extracted,not_extracted,not_extracted,not_extracted,not_extracted,not_extracted,not_extracted,indirect_discovery_metadata,pending,OpenAlex discovery hit; requires primary-source verification
W3102003537,A survey on deep learning-based non-invasive brain signals: recent advances and new frontiers,2020,Journal of Neural Engineering,article,candidate_unverified,multi_agent_tsc,Q12,24,Xiang Zhang; Lina Yao; Xianzhi Wang; Jessica J. M. Monaghan; David McAlpine; Yu Zhang,https://doi.org/10.1088/1741-2552/abc902,https://doi.org/10.1088/1741-2552/abc902,278,bronze,not_extracted,not_extracted,not_extracted,not_extracted,not_extracted,not_extracted,not_extracted,not_extracted,not_extracted,not_extracted,not_extracted,not_extracted,not_extracted,not_extracted,not_extracted,indirect_discovery_metadata,pending,OpenAlex discovery hit; requires primary-source verification
W4402056503,Deep Learning for Time Series Anomaly Detection: A Survey,2024,ACM Computing Surveys,article,candidate_unverified,multi_agent_tsc,Q12,25,Zahra Zamanzadeh Darban; Geoffrey I. Webb; Shirui Pan; Charų C. Aggarwal; Mahsa Salehi,https://doi.org/10.1145/3691338,https://doi.org/10.1145/3691338,468,hybrid,not_extracted,not_extracted,not_extracted,not_extracted,not_extracted,not_extracted,not_extracted,not_extracted,not_extracted,not_extracted,not_extracted,not_extracted,not_extracted,not_extracted,not_extracted,indirect_discovery_metadata,pending,OpenAlex discovery hit; requires primary-source verification
W3099098707,A Gentle Introduction to Reinforcement Learning and its Application in Different Fields,2020,IEEE Access,article,candidate_unverified,cross_city,Q13,1,Muddasar Naeem; Syed Tahir Hussain Rizvi; Antonio Coronato,https://doi.org/10.1109/access.2020.3038605,https://doi.org/10.1109/access.2020.3038605,248,gold,not_extracted,not_extracted,not_extracted,not_extracted,not_extracted,not_extracted,not_extracted,not_extracted,not_extracted,not_extracted,not_extracted,not_extracted,not_extracted,not_extracted,not_extracted,indirect_discovery_metadata,pending,OpenAlex discovery hit; requires primary-source verification
W4311405210,EMVLight: A multi-agent reinforcement learning framework for an emergency vehicle decentralized routing and traffic signal control system,2022,Transportation Research Part C Emerging Technologies,article,candidate_unverified,cross_city,Q13,2,Haoran Su; Yaofeng Desmond Zhong; Joseph Y.J. Chow; Biswadip Dey; Li Jin,https://doi.org/10.1016/j.trc.2022.103955,https://doi.org/10.1016/j.trc.2022.103955,83,green,not_extracted,not_extracted,not_extracted,not_extracted,not_extracted,not_extracted,not_extracted,not_extracted,not_extracted,not_extracted,not_extracted,not_extracted,not_extracted,not_extracted,not_extracted,indirect_discovery_metadata,pending,OpenAlex discovery hit; requires primary-source verification
W3125675327,A Survey of Traffic Prediction: from Spatio-Temporal Data to Intelligent Transportation,2021,Data Science and Engineering,article,candidate_unverified,cross_city,Q13,3,Haitao Yuan; Guoliang Li,https://doi.org/10.1007/s41019-020-00151-z,https://doi.org/10.1007/s41019-020-00151-z,376,gold,not_extracted,not_extracted,not_extracted,not_extracted,not_extracted,not_extracted,not_extracted,not_extracted,not_extracted,not_extracted,not_extracted,not_extracted,not_extracted,not_extracted,not_extracted,indirect_discovery_metadata,pending,OpenAlex discovery hit; requires primary-source verification
W4409217692,A survey of reinforcement and deep reinforcement learning for coordination in intelligent traffic light control,2025,Journal Of Big Data,article,candidate_unverified,cross_city,Q13,4,Aicha Saadi; Noreddine Abghour; Zouhair Chiba; Khalid Moussaid; Saadi Ali,https://doi.org/10.1186/s40537-025-01104-x,https://doi.org/10.1186/s40537-025-01104-x,29,gold,not_extracted,not_extracted,not_extracted,not_extracted,not_extracted,not_extracted,not_extracted,not_extracted,not_extracted,not_extracted,not_extracted,not_extracted,not_extracted,not_extracted,not_extracted,indirect_discovery_metadata,pending,OpenAlex discovery hit; requires primary-source verification
W4323314209,Graph Neural Network for Traffic Forecasting: The Research Progress,2023,ISPRS International Journal of Geo-Information,article,candidate_unverified,cross_city,Q13,5,Weiwei Jiang; Jiayun Luo; Miao He; Weixi Gu,https://doi.org/10.3390/ijgi12030100,https://doi.org/10.3390/ijgi12030100,185,gold,not_extracted,not_extracted,not_extracted,not_extracted,not_extracted,not_extracted,not_extracted,not_extracted,not_extracted,not_extracted,not_extracted,not_extracted,not_extracted,not_extracted,not_extracted,indirect_discovery_metadata,pending,OpenAlex discovery hit; requires primary-source verification
W4382119054,Challenges and Opportunities in Deep Reinforcement Learning With Graph Neural Networks: A Comprehensive Review of Algorithms and Applications,2023,IEEE Transactions on Neural Networks and Learning Systems,article,candidate_unverified,cross_city,Q13,6,Sai Munikoti; Deepesh Agarwal; Laya Das; Mahantesh Halappanavar; Balasubramaniam Natarajan,https://doi.org/10.1109/tnnls.2023.3283523,https://doi.org/10.1109/tnnls.2023.3283523,155,green,not_extracted,not_extracted,not_extracted,not_extracted,not_extracted,not_extracted,not_extracted,not_extracted,not_extracted,not_extracted,not_extracted,not_extracted,not_extracted,not_extracted,not_extracted,indirect_discovery_metadata,pending,OpenAlex discovery hit; requires primary-source verification
W4404756614,"A Comprehensive Review of Deep Learning: Architectures, Recent Advances, and Applications",2024,Information,article,candidate_unverified,cross_city,Q13,7,Ibomoiye Domor Mienye; Theo G. Swart,https://doi.org/10.3390/info15120755,https://doi.org/10.3390/info15120755,285,gold,not_extracted,not_extracted,not_extracted,not_extracted,not_extracted,not_extracted,not_extracted,not_extracted,not_extracted,not_extracted,not_extracted,not_extracted,not_extracted,not_extracted,not_extracted,indirect_discovery_metadata,pending,OpenAlex discovery hit; requires primary-source verification
W4401863796,CrossLight: Offline-to-Online Reinforcement Learning for Cross-City Traffic Signal Control,2024,not_extracted,conference-paper,candidate_unverified,cross_city,Q13,8,Sun Qian; Rui Zha; Le Zhang; Jingbo Zhou; Yu Mei; Zhiling Li; Hui Xiong,https://doi.org/10.1145/3637528.3671927,https://doi.org/10.1145/3637528.3671927,11,gold,not_extracted,not_extracted,not_extracted,not_extracted,not_extracted,not_extracted,not_extracted,not_extracted,not_extracted,not_extracted,not_extracted,not_extracted,not_extracted,not_extracted,not_extracted,indirect_discovery_metadata,pending,OpenAlex discovery hit; requires primary-source verification
W4386142022,Interpreting Black-Box Models: A Review on Explainable Artificial Intelligence,2023,Cognitive Computation,article,candidate_unverified,cross_city,Q13,9,Vikas Hassija; Vinay Chamola; Atmesh Mahapatra; Abhinandan Singal; Divyansh Goel; Kaizhu Huang; Simone Scardapane; Indro Spinelli,https://doi.org/10.1007/s12559-023-10179-8,https://doi.org/10.1007/s12559-023-10179-8,1884,hybrid,not_extracted,not_extracted,not_extracted,not_extracted,not_extracted,not_extracted,not_extracted,not_extracted,not_extracted,not_extracted,not_extracted,not_extracted,not_extracted,not_extracted,not_extracted,indirect_discovery_metadata,pending,OpenAlex discovery hit; requires primary-source verification
W4381420200,A Comprehensive Survey on Multi-Agent Reinforcement Learning for Connected and Automated Vehicles,2023,Sensors,article,candidate_unverified,cross_city,Q13,10,Pamul Yadav; Ashutosh Mishra; Shiho Kim,https://doi.org/10.3390/s23104710,https://doi.org/10.3390/s23104710,68,gold,not_extracted,not_extracted,not_extracted,not_extracted,not_extracted,not_extracted,not_extracted,not_extracted,not_extracted,not_extracted,not_extracted,not_extracted,not_extracted,not_extracted,not_extracted,indirect_discovery_metadata,pending,OpenAlex discovery hit; requires primary-source verification
W3197886029,Evolutionary Machine Learning: A Survey,2021,ACM Computing Surveys,article,candidate_unverified,cross_city,Q13,11,Akbar Telikani; Amirhessam Tahmassebi; Wolfgang Banzhaf; Amir H. Gandomi,https://doi.org/10.1145/3467477,https://doi.org/10.1145/3467477,214,hybrid,not_extracted,not_extracted,not_extracted,not_extracted,not_extracted,not_extracted,not_extracted,not_extracted,not_extracted,not_extracted,not_extracted,not_extracted,not_extracted,not_extracted,not_extracted,indirect_discovery_metadata,pending,OpenAlex discovery hit; requires primary-source verification
W4206484811,"A Metaverse: Taxonomy, Components, Applications, and Open Challenges",2022,IEEE Access,article,candidate_unverified,cross_city,Q13,12,Sangmin Park; Young‐Gab Kim,https://doi.org/10.1109/access.2021.3140175,https://doi.org/10.1109/access.2021.3140175,1796,gold,not_extracted,not_extracted,not_extracted,not_extracted,not_extracted,not_extracted,not_extracted,not_extracted,not_extracted,not_extracted,not_extracted,not_extracted,not_extracted,not_extracted,not_extracted,indirect_discovery_metadata,pending,OpenAlex discovery hit; requires primary-source verification
W4410084552,Advances in reinforcement learning for traffic signal control: a review of recent progress,2024,Intelligent Transportation Infrastructure,article,candidate_unverified,cross_city,Q13,13,Xiao Feng; Jiaming Lu; Lu Li; Wenwen Tu; Chaojing Li,https://doi.org/10.1093/iti/liaf009,https://doi.org/10.1093/iti/liaf009,16,diamond,not_extracted,not_extracted,not_extracted,not_extracted,not_extracted,not_extracted,not_extracted,not_extracted,not_extracted,not_extracted,not_extracted,not_extracted,not_extracted,not_extracted,not_extracted,indirect_discovery_metadata,pending,OpenAlex discovery hit; requires primary-source verification
W4409695029,A comprehensive survey of deep learning for time series forecasting: architectural diversity and open challenges,2025,Artificial Intelligence Review,article,candidate_unverified,cross_city,Q13,14,Jongseon Kim; Hyungjoon Kim; HyunGi Kim; Dongjun Lee; Sungroh Yoon,https://doi.org/10.1007/s10462-025-11223-9,https://doi.org/10.1007/s10462-025-11223-9,212,hybrid,not_extracted,not_extracted,not_extracted,not_extracted,not_extracted,not_extracted,not_extracted,not_extracted,not_extracted,not_extracted,not_extracted,not_extracted,not_extracted,not_extracted,not_extracted,indirect_discovery_metadata,pending,OpenAlex discovery hit; requires primary-source verification
W3009386672,Machine-Learning Methods for Computational Science and Engineering,2020,Computation,article,candidate_unverified,cross_city,Q13,15,Michael Frank; Dimitris Drikakis; Vassilis Charissis,https://doi.org/10.3390/computation8010015,https://doi.org/10.3390/computation8010015,212,gold,not_extracted,not_extracted,not_extracted,not_extracted,not_extracted,not_extracted,not_extracted,not_extracted,not_extracted,not_extracted,not_extracted,not_extracted,not_extracted,not_extracted,not_extracted,indirect_discovery_metadata,pending,OpenAlex discovery hit; requires primary-source verification
W4402826419,Sequence Decision Transformer for Adaptive Traffic Signal Control,2024,Sensors,article,candidate_unverified,cross_city,Q13,16,Rui Zhao; Haofeng Hu; Yun Li; Yuze Fan; Fei Gao; Zhenhai Gao,https://doi.org/10.3390/s24196202,https://doi.org/10.3390/s24196202,10,gold,not_extracted,not_extracted,not_extracted,not_extracted,not_extracted,not_extracted,not_extracted,not_extracted,not_extracted,not_extracted,not_extracted,not_extracted,not_extracted,not_extracted,not_extracted,indirect_discovery_metadata,pending,OpenAlex discovery hit; requires primary-source verification
W4390970201,A Comprehensive Survey: Evaluating the Efficiency of Artificial Intelligence and Machine Learning Techniques on Cyber Security Solutions,2024,IEEE Access,article,candidate_unverified,cross_city,Q13,17,Merve Ozkan-Okay; Erdal Akin; Ömer Aslan; Selahattin Koşunalp; Teodor Iliev; Ivaylo Stoyanov; Ivan Beloev,https://doi.org/10.1109/access.2024.3355547,https://doi.org/10.1109/access.2024.3355547,206,gold,not_extracted,not_extracted,not_extracted,not_extracted,not_extracted,not_extracted,not_extracted,not_extracted,not_extracted,not_extracted,not_extracted,not_extracted,not_extracted,not_extracted,not_extracted,indirect_discovery_metadata,pending,OpenAlex discovery hit; requires primary-source verification
W4321497407,Impact of word embedding models on text analytics in deep learning environment: a review,2023,Artificial Intelligence Review,article,candidate_unverified,cross_city,Q13,18,Deepak Suresh Asudani; Naresh Kumar Nagwani; Pradeep Singh,https://doi.org/10.1007/s10462-023-10419-1,https://doi.org/10.1007/s10462-023-10419-1,258,bronze,not_extracted,not_extracted,not_extracted,not_extracted,not_extracted,not_extracted,not_extracted,not_extracted,not_extracted,not_extracted,not_extracted,not_extracted,not_extracted,not_extracted,not_extracted,indirect_discovery_metadata,pending,OpenAlex discovery hit; requires primary-source verification
W2793198093,Deep Learning in Mobile and Wireless Networking: A Survey,2018,arXiv (Cornell University),preprint,candidate_unverified,cross_city,Q13,19,Chaoyun Zhang; Paul Patras; Hamed Haddadi,https://doi.org/10.48550/arxiv.1803.04311,http://arxiv.org/abs/1803.04311,128,green,not_extracted,not_extracted,not_extracted,not_extracted,not_extracted,not_extracted,not_extracted,not_extracted,not_extracted,not_extracted,not_extracted,not_extracted,not_extracted,not_extracted,not_extracted,indirect_discovery_metadata,pending,OpenAlex discovery hit; requires primary-source verification
W4394973587,X-Light: Cross-City Traffic Signal Control Using Transformer on Transformer as Meta Multi-Agent Reinforcement Learner,2024,arXiv (Cornell University),preprint,candidate_unverified,cross_city,Q13,20,Haoyuan Jiang; Ziyue Li; Hua Wei; Xuantang Xiong; Jingqing Ruan; Jiaming Lu; Hangyu Mao; Rui Zhao,https://doi.org/10.48550/arxiv.2404.12090,http://arxiv.org/abs/2404.12090,1,green,not_extracted,not_extracted,not_extracted,not_extracted,not_extracted,not_extracted,not_extracted,not_extracted,not_extracted,not_extracted,not_extracted,not_extracted,not_extracted,not_extracted,not_extracted,indirect_discovery_metadata,pending,OpenAlex discovery hit; requires primary-source verification
W4306290508,Deep Reinforcement Learning,2018,arXiv (Cornell University),preprint,candidate_unverified,cross_city,Q13,21,Yuxi Li,https://doi.org/10.48550/arxiv.1810.06339,http://arxiv.org/abs/1810.06339,25,green,not_extracted,not_extracted,not_extracted,not_extracted,not_extracted,not_extracted,not_extracted,not_extracted,not_extracted,not_extracted,not_extracted,not_extracted,not_extracted,not_extracted,not_extracted,indirect_discovery_metadata,pending,OpenAlex discovery hit; requires primary-source verification
W4322768614,A bibliometric analysis and review on reinforcement learning for transportation applications,2023,Transportmetrica B Transport Dynamics,article,candidate_unverified,cross_city,Q13,22,Can Li; Lei Bai; Lina Yao; S. Travis Waller; Wei Liu,https://doi.org/10.1080/21680566.2023.2179461,https://doi.org/10.1080/21680566.2023.2179461,26,green,not_extracted,not_extracted,not_extracted,not_extracted,not_extracted,not_extracted,not_extracted,not_extracted,not_extracted,not_extracted,not_extracted,not_extracted,not_extracted,not_extracted,not_extracted,indirect_discovery_metadata,pending,OpenAlex discovery hit; requires primary-source verification
W4414701757,Reinforcement Learning for Electric Vehicle Charging Management: Theory and Applications,2025,Energies,article,candidate_unverified,cross_city,Q13,23,Panagiotis Michailidis; Iakovos Michailidis; Elias B. Kosmatopoulos,https://doi.org/10.3390/en18195225,https://doi.org/10.3390/en18195225,29,gold,not_extracted,not_extracted,not_extracted,not_extracted,not_extracted,not_extracted,not_extracted,not_extracted,not_extracted,not_extracted,not_extracted,not_extracted,not_extracted,not_extracted,not_extracted,indirect_discovery_metadata,pending,OpenAlex discovery hit; requires primary-source verification
W4413181271,Explainable reinforcement learning for improved traffic signal control,2025,Computer-Aided Civil and Infrastructure Engineering,article,candidate_unverified,cross_city,Q13,24,Yuan Hu; Liang Du; Said M. Easa,https://doi.org/10.1111/mice.70037,https://doi.org/10.1111/mice.70037,5,hybrid,not_extracted,not_extracted,not_extracted,not_extracted,not_extracted,not_extracted,not_extracted,not_extracted,not_extracted,not_extracted,not_extracted,not_extracted,not_extracted,not_extracted,not_extracted,indirect_discovery_metadata,pending,OpenAlex discovery hit; requires primary-source verification
W4409568323,A Survey of Autonomous Driving from a Deep Learning Perspective,2025,ACM Computing Surveys,article,candidate_unverified,cross_city,Q13,25,Jingyuan Zhao; Yuyan Wu; Rui Deng; Susu Xu; Jinpeng Gao; Andrew Burke,https://doi.org/10.1145/3729420,https://doi.org/10.1145/3729420,62,hybrid,not_extracted,not_extracted,not_extracted,not_extracted,not_extracted,not_extracted,not_extracted,not_extracted,not_extracted,not_extracted,not_extracted,not_extracted,not_extracted,not_extracted,not_extracted,indirect_discovery_metadata,pending,OpenAlex discovery hit; requires primary-source verification
W4386142022,Interpreting Black-Box Models: A Review on Explainable Artificial Intelligence,2023,Cognitive Computation,article,candidate_unverified,cross_city,Q14,1,Vikas Hassija; Vinay Chamola; Atmesh Mahapatra; Abhinandan Singal; Divyansh Goel; Kaizhu Huang; Simone Scardapane; Indro Spinelli,https://doi.org/10.1007/s12559-023-10179-8,https://doi.org/10.1007/s12559-023-10179-8,1884,hybrid,not_extracted,not_extracted,not_extracted,not_extracted,not_extracted,not_extracted,not_extracted,not_extracted,not_extracted,not_extracted,not_extracted,not_extracted,not_extracted,not_extracted,not_extracted,indirect_discovery_metadata,pending,OpenAlex discovery hit; requires primary-source verification
W3125675327,A Survey of Traffic Prediction: from Spatio-Temporal Data to Intelligent Transportation,2021,Data Science and Engineering,article,candidate_unverified,cross_city,Q14,2,Haitao Yuan; Guoliang Li,https://doi.org/10.1007/s41019-020-00151-z,https://doi.org/10.1007/s41019-020-00151-z,376,gold,not_extracted,not_extracted,not_extracted,not_extracted,not_extracted,not_extracted,not_extracted,not_extracted,not_extracted,not_extracted,not_extracted,not_extracted,not_extracted,not_extracted,not_extracted,indirect_discovery_metadata,pending,OpenAlex discovery hit; requires primary-source verification
W4309734258,Traffic prediction using artificial intelligence: Review of recent advances and emerging opportunities,2022,Transportation Research Part C Emerging Technologies,article,candidate_unverified,cross_city,Q14,3,Maryam Shaygan; Collin Meese; Wanxin Li; Xiaoliang Zhao; Mark Nejad,https://doi.org/10.1016/j.trc.2022.103921,https://doi.org/10.1016/j.trc.2022.103921,245,green,not_extracted,not_extracted,not_extracted,not_extracted,not_extracted,not_extracted,not_extracted,not_extracted,not_extracted,not_extracted,not_extracted,not_extracted,not_extracted,not_extracted,not_extracted,indirect_discovery_metadata,pending,OpenAlex discovery hit; requires primary-source verification
W2979917379,Intelligent Traffic Monitoring Systems for Vehicle Classification: A Survey,2020,IEEE Access,article,candidate_unverified,cross_city,Q14,4,Myounggyu Won,https://doi.org/10.1109/access.2020.2987634,https://doi.org/10.1109/access.2020.2987634,220,gold,not_extracted,not_extracted,not_extracted,not_extracted,not_extracted,not_extracted,not_extracted,not_extracted,not_extracted,not_extracted,not_extracted,not_extracted,not_extracted,not_extracted,not_extracted,indirect_discovery_metadata,pending,OpenAlex discovery hit; requires primary-source verification
W4323314209,Graph Neural Network for Traffic Forecasting: The Research Progress,2023,ISPRS International Journal of Geo-Information,article,candidate_unverified,cross_city,Q14,5,Weiwei Jiang; Jiayun Luo; Miao He; Weixi Gu,https://doi.org/10.3390/ijgi12030100,https://doi.org/10.3390/ijgi12030100,185,gold,not_extracted,not_extracted,not_extracted,not_extracted,not_extracted,not_extracted,not_extracted,not_extracted,not_extracted,not_extracted,not_extracted,not_extracted,not_extracted,not_extracted,not_extracted,indirect_discovery_metadata,pending,OpenAlex discovery hit; requires primary-source verification
W3194730353,"Deep Learning: A Comprehensive Overview on Techniques, Taxonomy, Applications and Research Directions",2021,SN Computer Science,article,candidate_unverified,cross_city,Q14,6,Iqbal H. Sarker,https://doi.org/10.1007/s42979-021-00815-1,https://doi.org/10.1007/s42979-021-00815-1,2495,bronze,not_extracted,not_extracted,not_extracted,not_extracted,not_extracted,not_extracted,not_extracted,not_extracted,not_extracted,not_extracted,not_extracted,not_extracted,not_extracted,not_extracted,not_extracted,indirect_discovery_metadata,pending,OpenAlex discovery hit; requires primary-source verification
W4388723259,LLM Multimodal Traffic Accident Forecasting,2023,Sensors,article,candidate_unverified,cross_city,Q14,7,I. de Zarzà; J. de Curtò; Gemma Roig; Carlos T. Calafate,https://doi.org/10.3390/s23229225,https://doi.org/10.3390/s23229225,91,gold,not_extracted,not_extracted,not_extracted,not_extracted,not_extracted,not_extracted,not_extracted,not_extracted,not_extracted,not_extracted,not_extracted,not_extracted,not_extracted,not_extracted,not_extracted,indirect_discovery_metadata,pending,OpenAlex discovery hit; requires primary-source verification
W4392883897,LSTTN: A Long-Short Term Transformer-based spatiotemporal neural network for traffic flow forecasting,2024,Knowledge-Based Systems,article,candidate_unverified,cross_city,Q14,8,Qinyao Luo; Silu He; Xing Han; Yuhan Wang; Haifeng Li,https://doi.org/10.1016/j.knosys.2024.111637,https://doi.org/10.1016/j.knosys.2024.111637,122,green,not_extracted,not_extracted,not_extracted,not_extracted,not_extracted,not_extracted,not_extracted,not_extracted,not_extracted,not_extracted,not_extracted,not_extracted,not_extracted,not_extracted,not_extracted,indirect_discovery_metadata,pending,OpenAlex discovery hit; requires primary-source verification
W2940726923,Deep learning in remote sensing applications: A meta-analysis and review,2019,ISPRS Journal of Photogrammetry and Remote Sensing,review,candidate_unverified,cross_city,Q14,9,Lei Ma; Yü Liu; Xueliang Zhang; Yuanxin Ye; Gaofei Yin; Brian Alan Johnson,https://doi.org/10.1016/j.isprsjprs.2019.04.015,https://doi.org/10.1016/j.isprsjprs.2019.04.015,2365,hybrid,not_extracted,not_extracted,not_extracted,not_extracted,not_extracted,not_extracted,not_extracted,not_extracted,not_extracted,not_extracted,not_extracted,not_extracted,not_extracted,not_extracted,not_extracted,indirect_discovery_metadata,pending,OpenAlex discovery hit; requires primary-source verification
W4398255720,Zero-shot urban function inference with street view images through prompting a pretrained vision-language model,2024,International Journal of Geographical Information Systems,article,candidate_unverified,cross_city,Q14,10,Weiming Huang; Jing Wang; Gao Cong,https://doi.org/10.1080/13658816.2024.2347322,https://doi.org/10.1080/13658816.2024.2347322,44,green,not_extracted,not_extracted,not_extracted,not_extracted,not_extracted,not_extracted,not_extracted,not_extracted,not_extracted,not_extracted,not_extracted,not_extracted,not_extracted,not_extracted,not_extracted,indirect_discovery_metadata,pending,OpenAlex discovery hit; requires primary-source verification
W4406488712,"Deep learning and computer vision in plant disease detection: a comprehensive review of techniques, models, and trends in precision agriculture",2025,Artificial Intelligence Review,article,candidate_unverified,cross_city,Q14,11,Abhishek Upadhyay; Narendra Singh Chandel; Krishna Pratap Singh; Subir Kumar Chakraborty; B. M. Nandede; Mohit Kumar; A. Subeesh; Konga Upendar,https://doi.org/10.1007/s10462-024-11100-x,https://doi.org/10.1007/s10462-024-11100-x,380,hybrid,not_extracted,not_extracted,not_extracted,not_extracted,not_extracted,not_extracted,not_extracted,not_extracted,not_extracted,not_extracted,not_extracted,not_extracted,not_extracted,not_extracted,not_extracted,indirect_discovery_metadata,pending,OpenAlex discovery hit; requires primary-source verification
W4386254667,"Multimodality Representation Learning: A Survey on Evolution, Pretraining and Its Applications",2023,ACM Transactions on Multimedia Computing Communications and Applications,article,candidate_unverified,cross_city,Q14,12,Muhammad Arslan Manzoor; Sarah Albarri; Ziting Xian; Zaiqiao Meng; Preslav Nakov; Shangsong Liang,https://doi.org/10.1145/3617833,https://doi.org/10.1145/3617833,54,bronze,not_extracted,not_extracted,not_extracted,not_extracted,not_extracted,not_extracted,not_extracted,not_extracted,not_extracted,not_extracted,not_extracted,not_extracted,not_extracted,not_extracted,not_extracted,indirect_discovery_metadata,pending,OpenAlex discovery hit; requires primary-source verification
W4214700196,Traffic Sign Detection via Improved Sparse R-CNN for Autonomous Vehicles,2022,Journal of Advanced Transportation,article,candidate_unverified,cross_city,Q14,13,Tianjiao Liang; Hong Bao; Weiguo Pan; Feng Pan,https://doi.org/10.1155/2022/3825532,https://doi.org/10.1155/2022/3825532,110,gold,not_extracted,not_extracted,not_extracted,not_extracted,not_extracted,not_extracted,not_extracted,not_extracted,not_extracted,not_extracted,not_extracted,not_extracted,not_extracted,not_extracted,not_extracted,indirect_discovery_metadata,pending,OpenAlex discovery hit; requires primary-source verification
W2950865323,Edge Intelligence: Paving the Last Mile of Artificial Intelligence With Edge Computing,2019,Proceedings of the IEEE,article,candidate_unverified,cross_city,Q14,14,Zhi Zhou; Xu Chen; En Li; Liekang Zeng; Ke Luo; Junshan Zhang,https://doi.org/10.1109/jproc.2019.2918951,https://doi.org/10.1109/jproc.2019.2918951,2268,bronze,not_extracted,not_extracted,not_extracted,not_extracted,not_extracted,not_extracted,not_extracted,not_extracted,not_extracted,not_extracted,not_extracted,not_extracted,not_extracted,not_extracted,not_extracted,indirect_discovery_metadata,pending,OpenAlex discovery hit; requires primary-source verification
W4401857648,Urban Foundation Models: A Survey,2024,not_extracted,conference-paper,candidate_unverified,cross_city,Q14,15,Weijia Zhang; Jindong Han; Xu Zhao; Hang Ni; Hao Liu; Hui Xiong,https://doi.org/10.1145/3637528.3671453,https://doi.org/10.1145/3637528.3671453,35,gold,not_extracted,not_extracted,not_extracted,not_extracted,not_extracted,not_extracted,not_extracted,not_extracted,not_extracted,not_extracted,not_extracted,not_extracted,not_extracted,not_extracted,not_extracted,indirect_discovery_metadata,pending,OpenAlex discovery hit; requires primary-source verification
W4406411754,Generative spatial artificial intelligence for sustainable smart cities: A pioneering large flow model for urban digital twin,2025,Environmental Science and Ecotechnology,article,candidate_unverified,cross_city,Q14,16,Jeffrey Huang; Simon Elias Bibri; Paul Keel,https://doi.org/10.1016/j.ese.2025.100526,https://doi.org/10.1016/j.ese.2025.100526,71,gold,not_extracted,not_extracted,not_extracted,not_extracted,not_extracted,not_extracted,not_extracted,not_extracted,not_extracted,not_extracted,not_extracted,not_extracted,not_extracted,not_extracted,not_extracted,indirect_discovery_metadata,pending,OpenAlex discovery hit; requires primary-source verification
W4407157796,A Self-Adaptive Traffic Signal System Integrating Real-Time Vehicle Detection and License Plate Recognition for Enhanced Traffic Management,2025,Inventions,article,candidate_unverified,cross_city,Q14,17,Manar Ashkanani; A. Alajmi; Aeshah Alhayyan; Zahraa Esmael; Mariam AlBedaiwi; Muhammad Nadeem,https://doi.org/10.3390/inventions10010014,https://doi.org/10.3390/inventions10010014,30,gold,not_extracted,not_extracted,not_extracted,not_extracted,not_extracted,not_extracted,not_extracted,not_extracted,not_extracted,not_extracted,not_extracted,not_extracted,not_extracted,not_extracted,not_extracted,indirect_discovery_metadata,pending,OpenAlex discovery hit; requires primary-source verification
W4415622515,Open Spatio-Temporal Foundation Models for Traffic Prediction,2025,ACM Transactions on Intelligent Systems and Technology,article,candidate_unverified,cross_city,Q14,18,Zhonghang Li; Long Xia; Lei Shi; Yong Xu; Dawei Yin; Chao Huang,https://doi.org/10.1145/3773912,https://doi.org/10.1145/3773912,14,bronze,not_extracted,not_extracted,not_extracted,not_extracted,not_extracted,not_extracted,not_extracted,not_extracted,not_extracted,not_extracted,not_extracted,not_extracted,not_extracted,not_extracted,not_extracted,indirect_discovery_metadata,pending,OpenAlex discovery hit; requires primary-source verification
W4392240693,Advanced hybrid LSTM-transformer architecture for real-time multi-task prediction in engineering systems,2024,Scientific Reports,article,candidate_unverified,cross_city,Q14,19,Kaiwen Cao; Ting Zhang; Jueqiao Huang,https://doi.org/10.1038/s41598-024-55483-x,https://doi.org/10.1038/s41598-024-55483-x,146,gold,not_extracted,not_extracted,not_extracted,not_extracted,not_extracted,not_extracted,not_extracted,not_extracted,not_extracted,not_extracted,not_extracted,not_extracted,not_extracted,not_extracted,not_extracted,indirect_discovery_metadata,pending,OpenAlex discovery hit; requires primary-source verification
W3134772664,Application of Deep Learning on Millimeter-Wave Radar Signals: A Review,2021,Sensors,article,candidate_unverified,cross_city,Q14,20,Fahad Jibrin Abdu; Yixiong Zhang; Maozhong Fu; Yuhan Li; Zhenmiao Deng,https://doi.org/10.3390/s21061951,https://doi.org/10.3390/s21061951,116,gold,not_extracted,not_extracted,not_extracted,not_extracted,not_extracted,not_extracted,not_extracted,not_extracted,not_extracted,not_extracted,not_extracted,not_extracted,not_extracted,not_extracted,not_extracted,indirect_discovery_metadata,pending,OpenAlex discovery hit; requires primary-source verification
W3212755948,"Deep learning for geological hazards analysis: Data, models, applications, and opportunities",2021,Earth-Science Reviews,article,candidate_unverified,cross_city,Q14,21,Zhengjing Ma; Gang Mei,https://doi.org/10.1016/j.earscirev.2021.103858,https://doi.org/10.1016/j.earscirev.2021.103858,310,hybrid,not_extracted,not_extracted,not_extracted,not_extracted,not_extracted,not_extracted,not_extracted,not_extracted,not_extracted,not_extracted,not_extracted,not_extracted,not_extracted,not_extracted,not_extracted,indirect_discovery_metadata,pending,OpenAlex discovery hit; requires primary-source verification
W2998233669,Multi-Channel Reverse Dictionary Model,2020,Proceedings of the AAAI Conference on Artificial Intelligence,conference-paper,candidate_unverified,cross_city,Q14,22,Lei Zhang; Fanchao Qi; Zhiyuan Liu; Yasheng Wang; Qun Liu; Maosong Sun,https://doi.org/10.1609/aaai.v34i01.5365,https://doi.org/10.1609/aaai.v34i01.5365,43,diamond,not_extracted,not_extracted,not_extracted,not_extracted,not_extracted,not_extracted,not_extracted,not_extracted,not_extracted,not_extracted,not_extracted,not_extracted,not_extracted,not_extracted,not_extracted,indirect_discovery_metadata,pending,OpenAlex discovery hit; requires primary-source verification
W4406863879,Large Language Models (LLMs) as Traffic Control Systems at Urban Intersections: A New Paradigm,2025,Vehicles,article,candidate_unverified,cross_city,Q14,23,Sari Masri; Huthaifa I. Ashqar; Mohammed Elhenawy,https://doi.org/10.3390/vehicles7010011,https://doi.org/10.3390/vehicles7010011,38,gold,not_extracted,not_extracted,not_extracted,not_extracted,not_extracted,not_extracted,not_extracted,not_extracted,not_extracted,not_extracted,not_extracted,not_extracted,not_extracted,not_extracted,not_extracted,indirect_discovery_metadata,pending,OpenAlex discovery hit; requires primary-source verification
W4387355843,TimeLLM: Time Series Forecasting by Reprogramming Large Language Models,2026,not_extracted,book-chapter,candidate_unverified,cross_city,Q14,24,Ming Jin; Shiyu Wang; Yuan-Fang Li; Lintao Ma; James Y. Zhang; Zhixuan Chu; Shiyu Wang; Xiaoming Shi,https://doi.org/10.1201/9781003616719-7,https://doi.org/10.1201/9781003616719-7,132,green,not_extracted,not_extracted,not_extracted,not_extracted,not_extracted,not_extracted,not_extracted,not_extracted,not_extracted,not_extracted,not_extracted,not_extracted,not_extracted,not_extracted,not_extracted,indirect_discovery_metadata,pending,OpenAlex discovery hit; requires primary-source verification
W4391987728,UniST: A Prompt-Empowered Universal Model for Urban Spatio-Temporal Prediction,2024,not_extracted,conference-paper,candidate_unverified,cross_city,Q14,25,Yuan Yuan; Jingtao Ding; Jie Feng; Depeng Jin; Yong Li,https://doi.org/10.1145/3637528.3671662,https://doi.org/10.1145/3637528.3671662,94,gold,not_extracted,not_extracted,not_extracted,not_extracted,not_extracted,not_extracted,not_extracted,not_extracted,not_extracted,not_extracted,not_extracted,not_extracted,not_extracted,not_extracted,not_extracted,indirect_discovery_metadata,pending,OpenAlex discovery hit; requires primary-source verification
W3102100346,"A review of uncertainty quantification in deep learning: Techniques, applications and challenges",2021,Information Fusion,article,candidate_unverified,uncertainty_mpc,Q15,1,Moloud Abdar; Farhad Pourpanah; Sadiq Hussain; Dana Rezazadegan; Li Liu; Mohammad Ghavamzadeh; Paul Fieguth; Xiaochun Cao,https://doi.org/10.1016/j.inffus.2021.05.008,https://doi.org/10.1016/j.inffus.2021.05.008,2562,hybrid,not_extracted,not_extracted,not_extracted,not_extracted,not_extracted,not_extracted,not_extracted,not_extracted,not_extracted,not_extracted,not_extracted,not_extracted,not_extracted,not_extracted,not_extracted,indirect_discovery_metadata,pending,OpenAlex discovery hit; requires primary-source verification
W3038822267,Model-based Reinforcement Learning: A Survey,2023,Foundations and Trends® in Machine Learning,article,candidate_unverified,uncertainty_mpc,Q15,2,Thomas M. Moerland; Joost Broekens; Aske Plaat; Catholijn M. Jonker,https://doi.org/10.1561/2200000086,https://doi.org/10.1561/2200000086,502,bronze,not_extracted,not_extracted,not_extracted,not_extracted,not_extracted,not_extracted,not_extracted,not_extracted,not_extracted,not_extracted,not_extracted,not_extracted,not_extracted,not_extracted,not_extracted,indirect_discovery_metadata,pending,OpenAlex discovery hit; requires primary-source verification
W2981731882,"Explainable Artificial Intelligence (XAI): Concepts, taxonomies, opportunities and challenges toward responsible AI",2019,Information Fusion,article,candidate_unverified,uncertainty_mpc,Q15,3,Alejandro Barredo Arrieta; Natalia Díaz-Rodríguez; Javier Del Ser; Adrien Bennetot; Siham Tabik; Alberto Barbado; Salvador García; Sergio Gil-López,https://doi.org/10.1016/j.inffus.2019.12.012,https://doi.org/10.1016/j.inffus.2019.12.012,9466,green,not_extracted,not_extracted,not_extracted,not_extracted,not_extracted,not_extracted,not_extracted,not_extracted,not_extracted,not_extracted,not_extracted,not_extracted,not_extracted,not_extracted,not_extracted,indirect_discovery_metadata,pending,OpenAlex discovery hit; requires primary-source verification
W2788388592,Continual lifelong learning with neural networks: A review,2019,Neural Networks,article,candidate_unverified,uncertainty_mpc,Q15,4,German I. Parisi; Ronald Kemker; Jose L. Part; Christopher Kanan; Stefan Wermter,https://doi.org/10.1016/j.neunet.2019.01.012,https://doi.org/10.1016/j.neunet.2019.01.012,3094,hybrid,not_extracted,not_extracted,not_extracted,not_extracted,not_extracted,not_extracted,not_extracted,not_extracted,not_extracted,not_extracted,not_extracted,not_extracted,not_extracted,not_extracted,not_extracted,indirect_discovery_metadata,pending,OpenAlex discovery hit; requires primary-source verification
W3183048323,A survey of uncertainty in deep neural networks,2023,Artificial Intelligence Review,article,candidate_unverified,uncertainty_mpc,Q15,5,Jakob Gawlikowski; Cedrique Rovile Njieutcheu Tassi; Mohsin Ali; Jong‐Seok Lee; Matthias Humt; Jianxiang Feng; Anna Kruspe; Rudolph Triebel,https://doi.org/10.1007/s10462-023-10562-9,https://doi.org/10.1007/s10462-023-10562-9,1262,hybrid,not_extracted,not_extracted,not_extracted,not_extracted,not_extracted,not_extracted,not_extracted,not_extracted,not_extracted,not_extracted,not_extracted,not_extracted,not_extracted,not_extracted,not_extracted,indirect_discovery_metadata,pending,OpenAlex discovery hit; requires primary-source verification
W2805762288,Deep Reinforcement Learning in a Handful of Trials using Probabilistic Dynamics Models,2018,arXiv (Cornell University),preprint,candidate_unverified,uncertainty_mpc,Q15,6,Kurtland Chua; Roberto Calandra; Rowan McAllister; Sergey Levine,https://doi.org/10.48550/arxiv.1805.12114,http://arxiv.org/abs/1805.12114,185,green,not_extracted,not_extracted,not_extracted,not_extracted,not_extracted,not_extracted,not_extracted,not_extracted,not_extracted,not_extracted,not_extracted,not_extracted,not_extracted,not_extracted,not_extracted,indirect_discovery_metadata,pending,OpenAlex discovery hit; requires primary-source verification
W3208687975,Recent advances and applications of deep learning methods in materials science,2022,npj Computational Materials,article,candidate_unverified,uncertainty_mpc,Q15,7,Kamal Choudhary; Brian DeCost; Chi Chen; Anubhav Jain; Francesca Tavazza; Ryan Cohn; Cheol Woo Park; Alok Choudhary,https://doi.org/10.1038/s41524-022-00734-6,https://doi.org/10.1038/s41524-022-00734-6,1106,gold,not_extracted,not_extracted,not_extracted,not_extracted,not_extracted,not_extracted,not_extracted,not_extracted,not_extracted,not_extracted,not_extracted,not_extracted,not_extracted,not_extracted,not_extracted,indirect_discovery_metadata,pending,OpenAlex discovery hit; requires primary-source verification
W3174959864,Predictive maintenance enabled by machine learning: Use cases and challenges in the automotive industry,2021,Reliability Engineering & System Safety,article,candidate_unverified,uncertainty_mpc,Q15,8,Andreas Theissler; Judith Pérez-Velázquez; Marcel Kettelgerdes; Gordon Elger,https://doi.org/10.1016/j.ress.2021.107864,https://doi.org/10.1016/j.ress.2021.107864,510,hybrid,not_extracted,not_extracted,not_extracted,not_extracted,not_extracted,not_extracted,not_extracted,not_extracted,not_extracted,not_extracted,not_extracted,not_extracted,not_extracted,not_extracted,not_extracted,indirect_discovery_metadata,pending,OpenAlex discovery hit; requires primary-source verification
W4362722548,Recent advances in reinforcement learning in finance,2023,Mathematical Finance,article,candidate_unverified,uncertainty_mpc,Q15,9,Ben Hambly; Renyuan Xu; Huining Yang,https://doi.org/10.1111/mafi.12382,https://doi.org/10.1111/mafi.12382,189,hybrid,not_extracted,not_extracted,not_extracted,not_extracted,not_extracted,not_extracted,not_extracted,not_extracted,not_extracted,not_extracted,not_extracted,not_extracted,not_extracted,not_extracted,not_extracted,indirect_discovery_metadata,pending,OpenAlex discovery hit; requires primary-source verification
W2963215553,Predictive Uncertainty Estimation via Prior Networks,2018,Apollo (University of Cambridge),conference-paper,candidate_unverified,uncertainty_mpc,Q15,10,Andrey Malinin; Mark Gales,https://doi.org/10.17863/cam.35237,https://www.repository.cam.ac.uk/handle/1810/287924,196,green,not_extracted,not_extracted,not_extracted,not_extracted,not_extracted,not_extracted,not_extracted,not_extracted,not_extracted,not_extracted,not_extracted,not_extracted,not_extracted,not_extracted,not_extracted,indirect_discovery_metadata,pending,OpenAlex discovery hit; requires primary-source verification
W4287750003,Model-based Reinforcement Learning: A Survey,2020,arXiv (Cornell University),preprint,candidate_unverified,uncertainty_mpc,Q15,11,Thomas M. Moerland; Joost Broekens; Aske Plaat; Catholijn M. Jonker,https://doi.org/10.48550/arxiv.2006.16712,http://arxiv.org/abs/2006.16712,83,green,not_extracted,not_extracted,not_extracted,not_extracted,not_extracted,not_extracted,not_extracted,not_extracted,not_extracted,not_extracted,not_extracted,not_extracted,not_extracted,not_extracted,not_extracted,indirect_discovery_metadata,pending,OpenAlex discovery hit; requires primary-source verification
W4381308335,Characterizing Uncertainty in Machine Learning for Chemistry,2023,Journal of Chemical Information and Modeling,article,candidate_unverified,uncertainty_mpc,Q15,12,Esther Heid; Charles J. McGill; Florence H. Vermeire; William H. Green,https://doi.org/10.1021/acs.jcim.3c00373,https://doi.org/10.1021/acs.jcim.3c00373,86,hybrid,not_extracted,not_extracted,not_extracted,not_extracted,not_extracted,not_extracted,not_extracted,not_extracted,not_extracted,not_extracted,not_extracted,not_extracted,not_extracted,not_extracted,not_extracted,indirect_discovery_metadata,pending,OpenAlex discovery hit; requires primary-source verification
W3183398589,"Uncertainty as a Form of Transparency: Measuring, Communicating, and Using Uncertainty",2021,not_extracted,conference-paper,candidate_unverified,uncertainty_mpc,Q15,13,Umang Bhatt; Javier Antorán; Yunfeng Zhang; Q. Vera Liao; Prasanna Sattigeri; Riccardo Fogliato; Gabrielle Gauthier Melançon; Ranganath Krishnan,https://doi.org/10.1145/3461702.3462571,https://doi.org/10.1145/3461702.3462571,217,gold,not_extracted,not_extracted,not_extracted,not_extracted,not_extracted,not_extracted,not_extracted,not_extracted,not_extracted,not_extracted,not_extracted,not_extracted,not_extracted,not_extracted,not_extracted,indirect_discovery_metadata,pending,OpenAlex discovery hit; requires primary-source verification
W2998910704,Climate Adaptation as a Control Problem: Review and Perspectives on Dynamic Water Resources Planning Under Uncertainty,2020,Water Resources Research,article,candidate_unverified,uncertainty_mpc,Q15,14,Jonathan D. Herman; Julianne D. Quinn; Scott Steinschneider; Matteo Giuliani; Sarah Fletcher,https://doi.org/10.1029/2019wr025502,https://doi.org/10.1029/2019wr025502,261,hybrid,not_extracted,not_extracted,not_extracted,not_extracted,not_extracted,not_extracted,not_extracted,not_extracted,not_extracted,not_extracted,not_extracted,not_extracted,not_extracted,not_extracted,not_extracted,indirect_discovery_metadata,pending,OpenAlex discovery hit; requires primary-source verification
W3092541244,Fairness in Machine Learning: A Survey,2023,ACM Computing Surveys,article,candidate_unverified,uncertainty_mpc,Q15,15,Simon Caton; Christian Haas,https://doi.org/10.1145/3616865,https://doi.org/10.1145/3616865,478,hybrid,not_extracted,not_extracted,not_extracted,not_extracted,not_extracted,not_extracted,not_extracted,not_extracted,not_extracted,not_extracted,not_extracted,not_extracted,not_extracted,not_extracted,not_extracted,indirect_discovery_metadata,pending,OpenAlex discovery hit; requires primary-source verification
W4287083725,A Survey of Uncertainty in Deep Neural Networks,2021,arXiv (Cornell University),preprint,candidate_unverified,uncertainty_mpc,Q15,16,Jakob Gawlikowski; Cedrique Rovile Njieutcheu Tassi; Mohsin Ali; Jong‐Seok Lee; Matthias Humt; Jianxiang Feng; Anna Kruspe; Rudolph Triebel,https://doi.org/10.48550/arxiv.2107.03342,http://arxiv.org/abs/2107.03342,242,green,not_extracted,not_extracted,not_extracted,not_extracted,not_extracted,not_extracted,not_extracted,not_extracted,not_extracted,not_extracted,not_extracted,not_extracted,not_extracted,not_extracted,not_extracted,indirect_discovery_metadata,pending,OpenAlex discovery hit; requires primary-source verification
W3022112205,"Potential, challenges and future directions for deep learning in prognostics and health management applications",2020,Engineering Applications of Artificial Intelligence,article,candidate_unverified,uncertainty_mpc,Q15,17,Olga Fink; Qin Wang; Markus Svensén; Pierre Dersin; Wan-Jui Lee; Mélanie Ducoffe,https://doi.org/10.1016/j.engappai.2020.103678,https://doi.org/10.1016/j.engappai.2020.103678,531,hybrid,not_extracted,not_extracted,not_extracted,not_extracted,not_extracted,not_extracted,not_extracted,not_extracted,not_extracted,not_extracted,not_extracted,not_extracted,not_extracted,not_extracted,not_extracted,indirect_discovery_metadata,pending,OpenAlex discovery hit; requires primary-source verification
W3112134271,The Future of Sensitivity Analysis: An essential discipline for systems modeling and policy support,2020,Environmental Modelling & Software,article,candidate_unverified,uncertainty_mpc,Q15,18,Saman Razavi; Anthony J. Jakeman; Andrea Saltelli; Clémentine Prieur; Bertrand Iooss; Emanuele Borgonovo; Elmar Plischke; Samuele Lo Piano,https://doi.org/10.1016/j.envsoft.2020.104954,https://doi.org/10.1016/j.envsoft.2020.104954,609,hybrid,not_extracted,not_extracted,not_extracted,not_extracted,not_extracted,not_extracted,not_extracted,not_extracted,not_extracted,not_extracted,not_extracted,not_extracted,not_extracted,not_extracted,not_extracted,indirect_discovery_metadata,pending,OpenAlex discovery hit; requires primary-source verification
W3171225007,Probabilistic Machine Learning for Healthcare,2021,PubMed Central,article,candidate_unverified,uncertainty_mpc,Q15,19,"Irene Y. Chen; Joshi, Shalmali; Marzyeh Ghassemi; Rajesh Ranganath",https://doi.org/10.1146/annurev-biodatasci-092820-033938,https://pmc.ncbi.nlm.nih.gov/articles/PMC13234866/,56,green,not_extracted,not_extracted,not_extracted,not_extracted,not_extracted,not_extracted,not_extracted,not_extracted,not_extracted,not_extracted,not_extracted,not_extracted,not_extracted,not_extracted,not_extracted,indirect_discovery_metadata,pending,OpenAlex discovery hit; requires primary-source verification
W3157472252,Safe chance constrained reinforcement learning for batch process control,2021,Computers & Chemical Engineering,article,candidate_unverified,uncertainty_mpc,Q15,20,Max Mowbray; Panagiotis Petsagkourakis; Ehecatl Antonio del Rio‐Chanona; Dongda Zhang,https://doi.org/10.1016/j.compchemeng.2021.107630,https://doi.org/10.1016/j.compchemeng.2021.107630,50,green,not_extracted,not_extracted,not_extracted,not_extracted,not_extracted,not_extracted,not_extracted,not_extracted,not_extracted,not_extracted,not_extracted,not_extracted,not_extracted,not_extracted,not_extracted,indirect_discovery_metadata,pending,OpenAlex discovery hit; requires primary-source verification
W4382119054,Challenges and Opportunities in Deep Reinforcement Learning With Graph Neural Networks: A Comprehensive Review of Algorithms and Applications,2023,IEEE Transactions on Neural Networks and Learning Systems,article,candidate_unverified,uncertainty_mpc,Q15,21,Sai Munikoti; Deepesh Agarwal; Laya Das; Mahantesh Halappanavar; Balasubramaniam Natarajan,https://doi.org/10.1109/tnnls.2023.3283523,https://doi.org/10.1109/tnnls.2023.3283523,155,green,not_extracted,not_extracted,not_extracted,not_extracted,not_extracted,not_extracted,not_extracted,not_extracted,not_extracted,not_extracted,not_extracted,not_extracted,not_extracted,not_extracted,not_extracted,indirect_discovery_metadata,pending,OpenAlex discovery hit; requires primary-source verification
W4304161220,"Machine learning techniques in additive manufacturing: a state of the art review on design, processes and production control",2022,Journal of Intelligent Manufacturing,article,candidate_unverified,uncertainty_mpc,Q15,22,Sachin Kumar; T. Gopi; N. Harikeerthana; Munish Kumar Gupta; Vidit Gaur; Grzegorz Królczyk; Chuansong Wu,https://doi.org/10.1007/s10845-022-02029-5,https://doi.org/10.1007/s10845-022-02029-5,307,hybrid,not_extracted,not_extracted,not_extracted,not_extracted,not_extracted,not_extracted,not_extracted,not_extracted,not_extracted,not_extracted,not_extracted,not_extracted,not_extracted,not_extracted,not_extracted,indirect_discovery_metadata,pending,OpenAlex discovery hit; requires primary-source verification
W3119840119,Machine Learning Uncertainty as a Design Material: A Post-Phenomenological Inquiry,2021,not_extracted,conference-paper,candidate_unverified,uncertainty_mpc,Q15,23,Jesse Josua Benjamin; Arne Berger; Nick Merrill; James Pierce,https://doi.org/10.1145/3411764.3445481,https://doi.org/10.1145/3411764.3445481,117,gold,not_extracted,not_extracted,not_extracted,not_extracted,not_extracted,not_extracted,not_extracted,not_extracted,not_extracted,not_extracted,not_extracted,not_extracted,not_extracted,not_extracted,not_extracted,indirect_discovery_metadata,pending,OpenAlex discovery hit; requires primary-source verification
W4281716556,Synthesizing controlled microstructures of porous media using generative adversarial networks and reinforcement learning,2022,Scientific Reports,article,candidate_unverified,uncertainty_mpc,Q15,24,Phong Nguyen; Nikolaos N. Vlassis; Bahador Bahmani; WaiChing Sun; H. S. Udaykumar; Stephen Baek,https://doi.org/10.1038/s41598-022-12845-7,https://doi.org/10.1038/s41598-022-12845-7,76,gold,not_extracted,not_extracted,not_extracted,not_extracted,not_extracted,not_extracted,not_extracted,not_extracted,not_extracted,not_extracted,not_extracted,not_extracted,not_extracted,not_extracted,not_extracted,indirect_discovery_metadata,pending,OpenAlex discovery hit; requires primary-source verification
W4283163653,Machine learning and landslide studies: recent advances and applications,2022,Natural Hazards,article,candidate_unverified,uncertainty_mpc,Q15,25,Faraz S. Tehrani; Michele Calvello; Zhongqiang Liu; Limin Zhang; Suzanne Lacasse,https://doi.org/10.1007/s11069-022-05423-7,https://doi.org/10.1007/s11069-022-05423-7,280,hybrid,not_extracted,not_extracted,not_extracted,not_extracted,not_extracted,not_extracted,not_extracted,not_extracted,not_extracted,not_extracted,not_extracted,not_extracted,not_extracted,not_extracted,not_extracted,indirect_discovery_metadata,pending,OpenAlex discovery hit; requires primary-source verification
W4223908421,Training a Helpful and Harmless Assistant with Reinforcement Learning from Human Feedback,2022,arXiv (Cornell University),preprint,candidate_unverified,uncertainty_mpc,Q16,1,Yuntao Bai; Andy Jones; Kamal Ndousse; Amanda Askell; Anna Chen; Nova DasSarma; Dawn Drain; Stanislav Fort,https://doi.org/10.48550/arxiv.2204.05862,http://arxiv.org/abs/2204.05862,378,green,not_extracted,not_extracted,not_extracted,not_extracted,not_extracted,not_extracted,not_extracted,not_extracted,not_extracted,not_extracted,not_extracted,not_extracted,not_extracted,not_extracted,not_extracted,indirect_discovery_metadata,pending,OpenAlex discovery hit; requires primary-source verification
W4391259941,A survey on model-based reinforcement learning,2024,Science China Information Sciences,article,candidate_unverified,uncertainty_mpc,Q16,2,Fan-Ming Luo; Tian Xu; Hang Lai; Xionghui Chen; Weinan Zhang; Yang Yu,https://doi.org/10.1007/s11432-022-3696-5,https://doi.org/10.1007/s11432-022-3696-5,117,bronze,not_extracted,not_extracted,not_extracted,not_extracted,not_extracted,not_extracted,not_extracted,not_extracted,not_extracted,not_extracted,not_extracted,not_extracted,not_extracted,not_extracted,not_extracted,indirect_discovery_metadata,pending,OpenAlex discovery hit; requires primary-source verification
W4360584316,"A Survey on Offline Reinforcement Learning: Taxonomy, Review, and Open Problems",2023,IEEE Transactions on Neural Networks and Learning Systems,article,candidate_unverified,uncertainty_mpc,Q16,3,Rafael Figueiredo Prudencio; Marcos R. O. A. Máximo; Esther Luna Colombini,https://doi.org/10.1109/tnnls.2023.3250269,https://doi.org/10.1109/tnnls.2023.3250269,314,hybrid,not_extracted,not_extracted,not_extracted,not_extracted,not_extracted,not_extracted,not_extracted,not_extracted,not_extracted,not_extracted,not_extracted,not_extracted,not_extracted,not_extracted,not_extracted,indirect_discovery_metadata,pending,OpenAlex discovery hit; requires primary-source verification
W4383993482,Alleviating Matthew Effect of Offline Reinforcement Learning in Interactive Recommendation,2023,not_extracted,conference-paper,candidate_unverified,uncertainty_mpc,Q16,4,Chongming Gao; Kexin Huang; Jiawei Chen; Yuan Zhang; Biao Li; Peng Jiang; Shiqi Wang; Zhong Zhang,https://doi.org/10.1145/3539618.3591636,https://doi.org/10.1145/3539618.3591636,59,green,not_extracted,not_extracted,not_extracted,not_extracted,not_extracted,not_extracted,not_extracted,not_extracted,not_extracted,not_extracted,not_extracted,not_extracted,not_extracted,not_extracted,not_extracted,indirect_discovery_metadata,pending,OpenAlex discovery hit; requires primary-source verification
W4283311220,A Survey on Model-based Reinforcement Learning,2022,arXiv (Cornell University),preprint,candidate_unverified,uncertainty_mpc,Q16,5,Fan-Ming Luo; Xu Tian; Hang Lai; Xionghui Chen; Weinan Zhang; Yang Yu,https://doi.org/10.48550/arxiv.2206.09328,http://arxiv.org/abs/2206.09328,26,green,not_extracted,not_extracted,not_extracted,not_extracted,not_extracted,not_extracted,not_extracted,not_extracted,not_extracted,not_extracted,not_extracted,not_extracted,not_extracted,not_extracted,not_extracted,indirect_discovery_metadata,pending,OpenAlex discovery hit; requires primary-source verification
W4221141443,"A Survey on Offline Reinforcement Learning: Taxonomy, Review, and Open Problems",2022,arXiv (Cornell University),preprint,candidate_unverified,uncertainty_mpc,Q16,6,Rafael Figueiredo Prudencio; Marcos R. O. A. Máximo; Esther Luna Colombini,https://doi.org/10.48550/arxiv.2203.01387,http://arxiv.org/abs/2203.01387,31,green,not_extracted,not_extracted,not_extracted,not_extracted,not_extracted,not_extracted,not_extracted,not_extracted,not_extracted,not_extracted,not_extracted,not_extracted,not_extracted,not_extracted,not_extracted,indirect_discovery_metadata,pending,OpenAlex discovery hit; requires primary-source verification
W4388816578,Pessimistic value iteration for multi-task data sharing in Offline Reinforcement Learning,2023,Artificial Intelligence,article,candidate_unverified,uncertainty_mpc,Q16,7,Chenjia Bai; Lingxiao Wang; Jianye Hao; Zhuoran Yang; Bin Zhao; Zhen Wang; Xuelong Li,https://doi.org/10.1016/j.artint.2023.104048,https://doi.org/10.1016/j.artint.2023.104048,7,green,not_extracted,not_extracted,not_extracted,not_extracted,not_extracted,not_extracted,not_extracted,not_extracted,not_extracted,not_extracted,not_extracted,not_extracted,not_extracted,not_extracted,not_extracted,indirect_discovery_metadata,pending,OpenAlex discovery hit; requires primary-source verification
W4306295204,Model-Based Offline Reinforcement Learning with Pessimism-Modulated Dynamics Belief,2022,arXiv (Cornell University),preprint,candidate_unverified,uncertainty_mpc,Q16,8,Kaiyang Guo; Yunfeng Shao; Yanhui Geng,https://doi.org/10.48550/arxiv.2210.06692,http://arxiv.org/abs/2210.06692,6,green,not_extracted,not_extracted,not_extracted,not_extracted,not_extracted,not_extracted,not_extracted,not_extracted,not_extracted,not_extracted,not_extracted,not_extracted,not_extracted,not_extracted,not_extracted,indirect_discovery_metadata,pending,OpenAlex discovery hit; requires primary-source verification
W2953494151,Invariant Risk Minimization,2019,arXiv (Cornell University),preprint,candidate_unverified,uncertainty_mpc,Q16,9,Martín Arjovsky; Léon Bottou; Ishaan Gulrajani; David López-Paz,https://doi.org/10.48550/arxiv.1907.02893,http://arxiv.org/abs/1907.02893,321,green,not_extracted,not_extracted,not_extracted,not_extracted,not_extracted,not_extracted,not_extracted,not_extracted,not_extracted,not_extracted,not_extracted,not_extracted,not_extracted,not_extracted,not_extracted,indirect_discovery_metadata,pending,OpenAlex discovery hit; requires primary-source verification
W4311248723,Confidence-Conditioned Value Functions for Offline Reinforcement Learning,2022,arXiv (Cornell University),preprint,candidate_unverified,uncertainty_mpc,Q16,10,Joey Hong; Aviral Kumar; Sergey Levine,https://doi.org/10.48550/arxiv.2212.04607,http://arxiv.org/abs/2212.04607,4,green,not_extracted,not_extracted,not_extracted,not_extracted,not_extracted,not_extracted,not_extracted,not_extracted,not_extracted,not_extracted,not_extracted,not_extracted,not_extracted,not_extracted,not_extracted,indirect_discovery_metadata,pending,OpenAlex discovery hit; requires primary-source verification
W4281794919,RORL: Robust Offline Reinforcement Learning via Conservative Smoothing,2022,arXiv (Cornell University),preprint,candidate_unverified,uncertainty_mpc,Q16,11,Rui Yang; Chenjia Bai; Xiaoteng Ma; Zhaoran Wang; Chongjie Zhang; Lei Han,https://doi.org/10.48550/arxiv.2206.02829,http://arxiv.org/abs/2206.02829,10,green,not_extracted,not_extracted,not_extracted,not_extracted,not_extracted,not_extracted,not_extracted,not_extracted,not_extracted,not_extracted,not_extracted,not_extracted,not_extracted,not_extracted,not_extracted,indirect_discovery_metadata,pending,OpenAlex discovery hit; requires primary-source verification
W3130986574,Continuous Doubly Constrained Batch Reinforcement Learning,2021,arXiv (Cornell University),preprint,candidate_unverified,uncertainty_mpc,Q16,12,Rasool Fakoor; Jonas Mueller; Kavosh Asadi; Pratik Chaudhari; Alexander J. Smola,https://doi.org/10.48550/arxiv.2102.09225,http://arxiv.org/abs/2102.09225,6,green,not_extracted,not_extracted,not_extracted,not_extracted,not_extracted,not_extracted,not_extracted,not_extracted,not_extracted,not_extracted,not_extracted,not_extracted,not_extracted,not_extracted,not_extracted,indirect_discovery_metadata,pending,OpenAlex discovery hit; requires primary-source verification
W4393156710,Optimistic Model Rollouts for Pessimistic Offline Policy Optimization,2024,Proceedings of the AAAI Conference on Artificial Intelligence,conference-paper,candidate_unverified,uncertainty_mpc,Q16,13,Yuanzhao Zhai; Yiying Li; Zijian Gao; Xudong Gong; Kele Xu; Dawei Feng; Bo Ding; Huaimin Wang,https://doi.org/10.1609/aaai.v38i15.29607,http://dx.doi.org/10.1609/aaai.v38i15.29607,3,diamond,not_extracted,not_extracted,not_extracted,not_extracted,not_extracted,not_extracted,not_extracted,not_extracted,not_extracted,not_extracted,not_extracted,not_extracted,not_extracted,not_extracted,not_extracted,indirect_discovery_metadata,pending,OpenAlex discovery hit; requires primary-source verification
W4403577822,ROLeR: Effective Reward Shaping in Offline Reinforcement Learning for Recommender Systems,2024,not_extracted,conference-paper,candidate_unverified,uncertainty_mpc,Q16,14,Yi Zhang; Ruihong Qiu; Jiajun Liu; Sen Wang,https://doi.org/10.1145/3627673.3679633,https://doi.org/10.1145/3627673.3679633,6,gold,not_extracted,not_extracted,not_extracted,not_extracted,not_extracted,not_extracted,not_extracted,not_extracted,not_extracted,not_extracted,not_extracted,not_extracted,not_extracted,not_extracted,not_extracted,indirect_discovery_metadata,pending,OpenAlex discovery hit; requires primary-source verification
W7135178826,"Distribution shift, generalization and OOD challenge in offline reinforcement learning: a comprehensive survey",2026,Neural Computing and Applications,article,candidate_unverified,uncertainty_mpc,Q16,15,Ali Riahi Samani; Xujiang Zhao; Feng Chen,https://doi.org/10.1007/s00521-026-11966-8,https://doi.org/10.1007/s00521-026-11966-8,2,hybrid,not_extracted,not_extracted,not_extracted,not_extracted,not_extracted,not_extracted,not_extracted,not_extracted,not_extracted,not_extracted,not_extracted,not_extracted,not_extracted,not_extracted,not_extracted,indirect_discovery_metadata,pending,OpenAlex discovery hit; requires primary-source verification
W4306311772,Sustainable Online Reinforcement Learning for Auto-bidding,2022,arXiv (Cornell University),preprint,candidate_unverified,uncertainty_mpc,Q16,16,Zhiyu Mou; Yusen Huo; Rongquan Bai; Mingzhou Xie; Chuan Yu; Jian Xu; B. Zheng,https://doi.org/10.48550/arxiv.2210.07006,http://arxiv.org/abs/2210.07006,5,green,not_extracted,not_extracted,not_extracted,not_extracted,not_extracted,not_extracted,not_extracted,not_extracted,not_extracted,not_extracted,not_extracted,not_extracted,not_extracted,not_extracted,not_extracted,indirect_discovery_metadata,pending,OpenAlex discovery hit; requires primary-source verification
W4394709449,Diverse Randomized Value Functions: A Provably Pessimistic Approach for Offline Reinforcement Learning,2024,arXiv (Cornell University),preprint,candidate_unverified,uncertainty_mpc,Q16,17,Xudong Yu; Chenjia Bai; Hongyi Guo; Changhong Wang; Zhen Wang,https://doi.org/10.48550/arxiv.2404.06188,http://arxiv.org/abs/2404.06188,1,green,not_extracted,not_extracted,not_extracted,not_extracted,not_extracted,not_extracted,not_extracted,not_extracted,not_extracted,not_extracted,not_extracted,not_extracted,not_extracted,not_extracted,not_extracted,indirect_discovery_metadata,pending,OpenAlex discovery hit; requires primary-source verification
W4404314527,Towards Robust Offline-to-Online Reinforcement Learning via Uncertainty and Smoothness,2024,Journal of Artificial Intelligence Research,article,candidate_unverified,uncertainty_mpc,Q16,18,Xiaoyu Wen; Xudong Yu; Rui Yang; Haoyuan Chen; Chenjia Bai; Zhen Wang,https://doi.org/10.1613/jair.1.16457,https://doi.org/10.1613/jair.1.16457,5,diamond,not_extracted,not_extracted,not_extracted,not_extracted,not_extracted,not_extracted,not_extracted,not_extracted,not_extracted,not_extracted,not_extracted,not_extracted,not_extracted,not_extracted,not_extracted,indirect_discovery_metadata,pending,OpenAlex discovery hit; requires primary-source verification
W4308166345,Behavior Prior Representation learning for Offline Reinforcement Learning,2022,arXiv (Cornell University),preprint,candidate_unverified,uncertainty_mpc,Q16,19,Hongyu Zang; Xin Li; Jie Yu; Chen Liu; Riashat Islam; Rémi Tachet des Combes; Romain Laroche,https://doi.org/10.48550/arxiv.2211.00863,http://arxiv.org/abs/2211.00863,3,green,not_extracted,not_extracted,not_extracted,not_extracted,not_extracted,not_extracted,not_extracted,not_extracted,not_extracted,not_extracted,not_extracted,not_extracted,not_extracted,not_extracted,not_extracted,indirect_discovery_metadata,pending,OpenAlex discovery hit; requires primary-source verification
W4321012295,Conservative State Value Estimation for Offline Reinforcement Learning,2023,arXiv (Cornell University),preprint,candidate_unverified,uncertainty_mpc,Q16,20,"Liting Chen; Jie Yan; Zhengdao Shao; Lu Wang; Qingwei Lin; Rajmohan, Saravan; Moscibroda, Thomas; Zhang, Dongmei",https://doi.org/10.48550/arxiv.2302.06884,http://arxiv.org/abs/2302.06884,2,green,not_extracted,not_extracted,not_extracted,not_extracted,not_extracted,not_extracted,not_extracted,not_extracted,not_extracted,not_extracted,not_extracted,not_extracted,not_extracted,not_extracted,not_extracted,indirect_discovery_metadata,pending,OpenAlex discovery hit; requires primary-source verification
W4364387564,Uncertainty-driven Trajectory Truncation for Data Augmentation in Offline Reinforcement Learning,2023,arXiv (Cornell University),preprint,candidate_unverified,uncertainty_mpc,Q16,21,Junjie Zhang; Jiafei Lyu; Xiaoteng Ma; Jiangpeng Yan; Jun Yang; Le Wan; Xiu Li,https://doi.org/10.48550/arxiv.2304.04660,http://arxiv.org/abs/2304.04660,3,green,not_extracted,not_extracted,not_extracted,not_extracted,not_extracted,not_extracted,not_extracted,not_extracted,not_extracted,not_extracted,not_extracted,not_extracted,not_extracted,not_extracted,not_extracted,indirect_discovery_metadata,pending,OpenAlex discovery hit; requires primary-source verification
W4387171559,Uncertainty-Driven Trajectory Truncation for Data Augmentation in Offline Reinforcement Learning,2023,Frontiers in artificial intelligence and applications,book-chapter,candidate_unverified,uncertainty_mpc,Q16,22,Junjie Zhang; Jiafei Lyu; Xiaoteng Ma; Jiangpeng Yan; Jun Yang; Le Wan; Xiu Li,https://doi.org/10.3233/faia230618,http://dx.doi.org/10.3233/faia230618,3,hybrid,not_extracted,not_extracted,not_extracted,not_extracted,not_extracted,not_extracted,not_extracted,not_extracted,not_extracted,not_extracted,not_extracted,not_extracted,not_extracted,not_extracted,not_extracted,indirect_discovery_metadata,pending,OpenAlex discovery hit; requires primary-source verification
W4387634305,Beyond Uniform Sampling: Offline Reinforcement Learning with Imbalanced Datasets,2023,arXiv (Cornell University),preprint,candidate_unverified,uncertainty_mpc,Q16,23,Zhang-Wei Hong; Aviral Kumar; Sathwik Karnik; Abhishek Bhandwaldar; Akash Srivastava; Joni Pajarinen; Romain Laroche; Abhishek Gupta,https://doi.org/10.48550/arxiv.2310.04413,http://arxiv.org/abs/2310.04413,2,green,not_extracted,not_extracted,not_extracted,not_extracted,not_extracted,not_extracted,not_extracted,not_extracted,not_extracted,not_extracted,not_extracted,not_extracted,not_extracted,not_extracted,not_extracted,indirect_discovery_metadata,pending,OpenAlex discovery hit; requires primary-source verification
W4387293922,Towards Robust Offline-to-Online Reinforcement Learning via Uncertainty and Smoothness,2023,arXiv (Cornell University),preprint,candidate_unverified,uncertainty_mpc,Q16,24,"Xiaoyu Wen; Xudong Yu; Rui Yang; Chen, Haoyuan; Chenjia Bai; Zhen Wang",https://doi.org/10.48550/arxiv.2309.16973,http://arxiv.org/abs/2309.16973,1,green,not_extracted,not_extracted,not_extracted,not_extracted,not_extracted,not_extracted,not_extracted,not_extracted,not_extracted,not_extracted,not_extracted,not_extracted,not_extracted,not_extracted,not_extracted,indirect_discovery_metadata,pending,OpenAlex discovery hit; requires primary-source verification
W4388274718,AI Alignment: A Comprehensive Survey,2023,arXiv (Cornell University),preprint,candidate_unverified,uncertainty_mpc,Q16,25,Jiaming Ji; Tianyi Qiu; Boyuan Chen; Borong Zhang; Hantao Lou; Kaile Wang; Yawen Duan; Zhonghao He,https://doi.org/10.48550/arxiv.2310.19852,http://arxiv.org/abs/2310.19852,74,green,not_extracted,not_extracted,not_extracted,not_extracted,not_extracted,not_extracted,not_extracted,not_extracted,not_extracted,not_extracted,not_extracted,not_extracted,not_extracted,not_extracted,not_extracted,indirect_discovery_metadata,pending,OpenAlex discovery hit; requires primary-source verification
W3195968524,Safe Learning in Robotics: From Learning-Based Control to Safe Reinforcement Learning,2022,Annual Review of Control Robotics and Autonomous Systems,article,candidate_unverified,uncertainty_mpc,Q17,1,Lukas Brunke; Melissa Greeff; Adam W. Hall; Zhaocong Yuan; Siqi Zhou; Jacopo Panerati; Angela P. Schoellig,https://doi.org/10.1146/annurev-control-042920-020211,https://doi.org/10.1146/annurev-control-042920-020211,697,bronze,not_extracted,not_extracted,not_extracted,not_extracted,not_extracted,not_extracted,not_extracted,not_extracted,not_extracted,not_extracted,not_extracted,not_extracted,not_extracted,not_extracted,not_extracted,indirect_discovery_metadata,pending,OpenAlex discovery hit; requires primary-source verification
W4402890475,"Foundation models in robotics: Applications, challenges, and the future",2024,The International Journal of Robotics Research,article,candidate_unverified,uncertainty_mpc,Q17,2,Roya Firoozi; Johnathan Tucker; Stephen Tian; Anirudha Majumdar; Jiankai Sun; Weiyu Liu; Yuke Zhu; Shuran Song,https://doi.org/10.1177/02783649241281508,https://doi.org/10.1177/02783649241281508,185,bronze,not_extracted,not_extracted,not_extracted,not_extracted,not_extracted,not_extracted,not_extracted,not_extracted,not_extracted,not_extracted,not_extracted,not_extracted,not_extracted,not_extracted,not_extracted,indirect_discovery_metadata,pending,OpenAlex discovery hit; requires primary-source verification
W4312221761,Safe reinforcement learning for multi-energy management systems with known constraint functions,2022,Energy and AI,article,candidate_unverified,uncertainty_mpc,Q17,3,Glenn Ceusters; Luis Ramirez Camargo; Rüdiger Franke; Ann Nowé; Maarten Messagie,https://doi.org/10.1016/j.egyai.2022.100227,https://doi.org/10.1016/j.egyai.2022.100227,32,gold,not_extracted,not_extracted,not_extracted,not_extracted,not_extracted,not_extracted,not_extracted,not_extracted,not_extracted,not_extracted,not_extracted,not_extracted,not_extracted,not_extracted,not_extracted,indirect_discovery_metadata,pending,OpenAlex discovery hit; requires primary-source verification
W4389762899,An Overview of Cyber-Resilient Smart Inverters Based on Practical Attack Models,2023,IEEE Transactions on Power Electronics,article,candidate_unverified,uncertainty_mpc,Q17,4,Bohyun Ahn; Taesic Kim; Seerin Ahmad; Sudip K. Mazumder; Jay Johnson; H. Alan Mantooth; Chris Farnell,https://doi.org/10.1109/tpel.2023.3342842,https://doi.org/10.1109/tpel.2023.3342842,57,hybrid,not_extracted,not_extracted,not_extracted,not_extracted,not_extracted,not_extracted,not_extracted,not_extracted,not_extracted,not_extracted,not_extracted,not_extracted,not_extracted,not_extracted,not_extracted,indirect_discovery_metadata,pending,OpenAlex discovery hit; requires primary-source verification
W4400341241,Safe Reinforcement Learning for Power System Control: A Review,2024,arXiv (Cornell University),preprint,candidate_unverified,uncertainty_mpc,Q17,5,Peipei Yu; Zhenyi Wang; Hongcai Zhang; Yonghua Song,https://doi.org/10.48550/arxiv.2407.00681,http://arxiv.org/abs/2407.00681,5,green,not_extracted,not_extracted,not_extracted,not_extracted,not_extracted,not_extracted,not_extracted,not_extracted,not_extracted,not_extracted,not_extracted,not_extracted,not_extracted,not_extracted,not_extracted,indirect_discovery_metadata,pending,OpenAlex discovery hit; requires primary-source verification
W4416151835,An Integrated Framework for AI and Predictive Analytics in Supply Chain Management,2024,International Journal of Scientific Research in Humanities and Social Sciences,article,candidate_unverified,uncertainty_mpc,Q17,6,Shah Rukh; Omorinsola Bibire Seyi-Lande; Stanley Tochukwu Oziri,https://doi.org/10.32628/ijsrssh243671,https://doi.org/10.32628/ijsrssh243671,17,hybrid,not_extracted,not_extracted,not_extracted,not_extracted,not_extracted,not_extracted,not_extracted,not_extracted,not_extracted,not_extracted,not_extracted,not_extracted,not_extracted,not_extracted,not_extracted,indirect_discovery_metadata,pending,OpenAlex discovery hit; requires primary-source verification
W7125699492,"Agentic Artificial Intelligence for Smart Grids: A Comprehensive Review of Autonomous, Safe, and Explainable Control Frameworks",2026,Energies,article,candidate_unverified,uncertainty_mpc,Q17,7,Mahmoud Kiasari; Hamed H. Aly,https://doi.org/10.3390/en19030617,https://doi.org/10.3390/en19030617,6,gold,not_extracted,not_extracted,not_extracted,not_extracted,not_extracted,not_extracted,not_extracted,not_extracted,not_extracted,not_extracted,not_extracted,not_extracted,not_extracted,not_extracted,not_extracted,indirect_discovery_metadata,pending,OpenAlex discovery hit; requires primary-source verification
W3016983712,Forecasting of droughts and tree mortality under global warming: a review of causative mechanisms and modeling methods,2020,Journal of Water and Climate Change,article,candidate_unverified,uncertainty_mpc,Q17,8,Jeongwoo Han; Vijay P. Singh,https://doi.org/10.2166/wcc.2020.239,https://doi.org/10.2166/wcc.2020.239,50,hybrid,not_extracted,not_extracted,not_extracted,not_extracted,not_extracted,not_extracted,not_extracted,not_extracted,not_extracted,not_extracted,not_extracted,not_extracted,not_extracted,not_extracted,not_extracted,indirect_discovery_metadata,pending,OpenAlex discovery hit; requires primary-source verification
W4286912316,SHARP: Shielding-Aware Robust Planning for Safe and Efficient Human-Robot Interaction,2021,arXiv (Cornell University),preprint,candidate_unverified,uncertainty_mpc,Q17,9,Haimin Hu; Kensuke Nakamura; Jaime F. Fisac,https://doi.org/10.48550/arxiv.2110.00843,http://arxiv.org/abs/2110.00843,1,green,not_extracted,not_extracted,not_extracted,not_extracted,not_extracted,not_extracted,not_extracted,not_extracted,not_extracted,not_extracted,not_extracted,not_extracted,not_extracted,not_extracted,not_extracted,indirect_discovery_metadata,pending,OpenAlex discovery hit; requires primary-source verification
W4414776155,"A Review of Hybrid-Electric Propulsion in Aviation: Modeling Methods, Energy Management Strategies, and Future Prospects",2025,Aerospace,article,candidate_unverified,uncertainty_mpc,Q17,10,Feifan Yu; Jiajie Chen; Panao Gao; Yu Kong; Xiaokang Sun; Jiqiang Wang; Xinmin Chen,https://doi.org/10.3390/aerospace12100895,https://doi.org/10.3390/aerospace12100895,22,gold,not_extracted,not_extracted,not_extracted,not_extracted,not_extracted,not_extracted,not_extracted,not_extracted,not_extracted,not_extracted,not_extracted,not_extracted,not_extracted,not_extracted,not_extracted,indirect_discovery_metadata,pending,OpenAlex discovery hit; requires primary-source verification
W4409311820,Adaptive Shielding via Parametric Safety Proofs,2025,Proceedings of the ACM on Programming Languages,article,candidate_unverified,uncertainty_mpc,Q17,11,Yao Feng; Jun Zhu; André Platzer; Jonathan Laurent,https://doi.org/10.1145/3720450,https://doi.org/10.1145/3720450,2,diamond,not_extracted,not_extracted,not_extracted,not_extracted,not_extracted,not_extracted,not_extracted,not_extracted,not_extracted,not_extracted,not_extracted,not_extracted,not_extracted,not_extracted,not_extracted,indirect_discovery_metadata,pending,OpenAlex discovery hit; requires primary-source verification
W4287025291,Safe Learning in Robotics: From Learning-Based Control to Safe Reinforcement Learning,2021,arXiv (Cornell University),preprint,candidate_unverified,uncertainty_mpc,Q17,12,Lukas Brunke; Melissa Greeff; Adam W. Hall; Zhaocong Yuan; Siqi Zhou; Jacopo Panerati; Angela P. Schoellig,https://doi.org/10.48550/arxiv.2108.06266,http://arxiv.org/abs/2108.06266,1,green,not_extracted,not_extracted,not_extracted,not_extracted,not_extracted,not_extracted,not_extracted,not_extracted,not_extracted,not_extracted,not_extracted,not_extracted,not_extracted,not_extracted,not_extracted,indirect_discovery_metadata,pending,OpenAlex discovery hit; requires primary-source verification
W4416932056,Safe Learning for Contact-Rich Robot Tasks: A Survey From Classical Learning-Based Methods to Safe Foundation Models,2025,not_extracted,preprint,candidate_unverified,uncertainty_mpc,Q17,13,Heng Zhang; Rui Dai; Gökhan Solak; Pokuang Zhou; Yu She; Arash Ajoudani,https://doi.org/10.36227/techrxiv.176472870.03980379/v1,https://doi.org/10.36227/techrxiv.176472870.03980379/v1,1,gold,not_extracted,not_extracted,not_extracted,not_extracted,not_extracted,not_extracted,not_extracted,not_extracted,not_extracted,not_extracted,not_extracted,not_extracted,not_extracted,not_extracted,not_extracted,indirect_discovery_metadata,pending,OpenAlex discovery hit; requires primary-source verification
W4414701757,Reinforcement Learning for Electric Vehicle Charging Management: Theory and Applications,2025,Energies,article,candidate_unverified,uncertainty_mpc,Q17,14,Panagiotis Michailidis; Iakovos Michailidis; Elias B. Kosmatopoulos,https://doi.org/10.3390/en18195225,https://doi.org/10.3390/en18195225,29,gold,not_extracted,not_extracted,not_extracted,not_extracted,not_extracted,not_extracted,not_extracted,not_extracted,not_extracted,not_extracted,not_extracted,not_extracted,not_extracted,not_extracted,not_extracted,indirect_discovery_metadata,pending,OpenAlex discovery hit; requires primary-source verification
W4403570761,Compositional Shielding and Reinforcement Learning for Multi-Agent Systems,2024,arXiv (Cornell University),preprint,candidate_unverified,uncertainty_mpc,Q17,15,Asger Horn Brorholt; Kim G. Larsen; Christian Schilling,https://doi.org/10.48550/arxiv.2410.10460,http://arxiv.org/abs/2410.10460,2,green,not_extracted,not_extracted,not_extracted,not_extracted,not_extracted,not_extracted,not_extracted,not_extracted,not_extracted,not_extracted,not_extracted,not_extracted,not_extracted,not_extracted,not_extracted,indirect_discovery_metadata,pending,OpenAlex discovery hit; requires primary-source verification
W4404768371,Deep learning adversarial attacks and defenses in autonomous vehicles: a systematic literature review from a safety perspective,2024,Artificial Intelligence Review,review,candidate_unverified,uncertainty_mpc,Q17,16,Ahmed Dawod Mohammed Ibrahum; Manzoor Hussain; Jang‐Eui Hong,https://doi.org/10.1007/s10462-024-11014-8,https://doi.org/10.1007/s10462-024-11014-8,63,hybrid,not_extracted,not_extracted,not_extracted,not_extracted,not_extracted,not_extracted,not_extracted,not_extracted,not_extracted,not_extracted,not_extracted,not_extracted,not_extracted,not_extracted,not_extracted,indirect_discovery_metadata,pending,OpenAlex discovery hit; requires primary-source verification
W4402639139,"FLASH: New intersection of physics, chemistry, biology, and cancer medicine",2024,Reviews of Modern Physics,article,candidate_unverified,uncertainty_mpc,Q17,17,Marie‐Catherine Vozenin; Billy W. Loo; Sami Tantawi; Peter G. Maxim; Douglas R. Spitz; Claude Bailat; Charles L. Limoli,https://doi.org/10.1103/revmodphys.96.035002,https://doi.org/10.1103/revmodphys.96.035002,42,green,not_extracted,not_extracted,not_extracted,not_extracted,not_extracted,not_extracted,not_extracted,not_extracted,not_extracted,not_extracted,not_extracted,not_extracted,not_extracted,not_extracted,not_extracted,indirect_discovery_metadata,pending,OpenAlex discovery hit; requires primary-source verification
W4416072482,Verification-Guided Falsification for Safe RL via Explainable Abstraction and Risk-Aware Exploration,2025,arXiv (Cornell University),preprint,candidate_unverified,uncertainty_mpc,Q17,18,Tuan Le; Risal Shefin; Debashis Gupta; Thai Le; Sarra Alqahtani,https://doi.org/10.48550/arxiv.2506.03469,http://arxiv.org/abs/2506.03469,1,green,not_extracted,not_extracted,not_extracted,not_extracted,not_extracted,not_extracted,not_extracted,not_extracted,not_extracted,not_extracted,not_extracted,not_extracted,not_extracted,not_extracted,not_extracted,indirect_discovery_metadata,pending,OpenAlex discovery hit; requires primary-source verification
W4410819626,Deep Reinforcement Learning of Mobile Robot Navigation in Dynamic Environment: A Review,2025,Sensors,article,candidate_unverified,uncertainty_mpc,Q17,19,Yingjie Zhu; Wan Zuha Wan Hasan; Hafiz Rashidi Ramli; Nor Mohd Haziq Norsahperi; Muhamad Saufi Mohd Kassim; Yiduo Yao,https://doi.org/10.3390/s25113394,https://doi.org/10.3390/s25113394,49,gold,not_extracted,not_extracted,not_extracted,not_extracted,not_extracted,not_extracted,not_extracted,not_extracted,not_extracted,not_extracted,not_extracted,not_extracted,not_extracted,not_extracted,not_extracted,indirect_discovery_metadata,pending,OpenAlex discovery hit; requires primary-source verification
W4310886666,ISAACS: Iterative Soft Adversarial Actor-Critic for Safety,2022,arXiv (Cornell University),preprint,candidate_unverified,uncertainty_mpc,Q17,20,Kai–Chieh Hsu; Duy Phuong Nguyen; Jaime Fernández Fisac,https://doi.org/10.48550/arxiv.2212.03228,http://arxiv.org/abs/2212.03228,1,green,not_extracted,not_extracted,not_extracted,not_extracted,not_extracted,not_extracted,not_extracted,not_extracted,not_extracted,not_extracted,not_extracted,not_extracted,not_extracted,not_extracted,not_extracted,indirect_discovery_metadata,pending,OpenAlex discovery hit; requires primary-source verification
W4285038491,Safe reinforcement learning for multi-energy management systems with known constraint functions,2022,arXiv (Cornell University),preprint,candidate_unverified,uncertainty_mpc,Q17,21,Glenn Ceusters; Luis Ramirez Camargo; Rüdiger Franke; Ann Nowé; Maarten Messagie,https://doi.org/10.48550/arxiv.2207.03830,http://arxiv.org/abs/2207.03830,1,green,not_extracted,not_extracted,not_extracted,not_extracted,not_extracted,not_extracted,not_extracted,not_extracted,not_extracted,not_extracted,not_extracted,not_extracted,not_extracted,not_extracted,not_extracted,indirect_discovery_metadata,pending,OpenAlex discovery hit; requires primary-source verification
W4407715995,A survey of decision-making and planning methods for self-driving vehicles,2025,Frontiers in Neurorobotics,article,candidate_unverified,uncertainty_mpc,Q17,22,Jun Hu; Yuefeng Wang; Shuai Cheng; Jinghan Xu; N N Wang; Bo Fu; Zuotao Ning; Jingyao Li,https://doi.org/10.3389/fnbot.2025.1451923,https://doi.org/10.3389/fnbot.2025.1451923,29,gold,not_extracted,not_extracted,not_extracted,not_extracted,not_extracted,not_extracted,not_extracted,not_extracted,not_extracted,not_extracted,not_extracted,not_extracted,not_extracted,not_extracted,not_extracted,indirect_discovery_metadata,pending,OpenAlex discovery hit; requires primary-source verification
W4391216068,The Safety Shell: An Architecture to Handle Functional Insufficiencies in Automated Driving,2024,IEEE Transactions on Intelligent Transportation Systems,article,candidate_unverified,uncertainty_mpc,Q17,23,C.A.J. Hanselaar; Emilia Silvaş; Andrei Terechko; W.P.M.H. Heemels,https://doi.org/10.1109/tits.2024.3352829,https://doi.org/10.1109/tits.2024.3352829,11,green,not_extracted,not_extracted,not_extracted,not_extracted,not_extracted,not_extracted,not_extracted,not_extracted,not_extracted,not_extracted,not_extracted,not_extracted,not_extracted,not_extracted,not_extracted,indirect_discovery_metadata,pending,OpenAlex discovery hit; requires primary-source verification
W4400267273,A Review of Safe Reinforcement Learning Methods for Modern Power Systems,2024,arXiv (Cornell University),preprint,candidate_unverified,uncertainty_mpc,Q17,24,Tong Su; Tong Wu; Junbo Zhao; Anna Scaglione; Le Xie,https://doi.org/10.48550/arxiv.2407.00304,http://arxiv.org/abs/2407.00304,1,green,not_extracted,not_extracted,not_extracted,not_extracted,not_extracted,not_extracted,not_extracted,not_extracted,not_extracted,not_extracted,not_extracted,not_extracted,not_extracted,not_extracted,not_extracted,indirect_discovery_metadata,pending,OpenAlex discovery hit; requires primary-source verification
W4401702147,Review on Security Range Perception Methods and Path-Planning Techniques for Substation Mobile Robots,2024,Energies,article,candidate_unverified,uncertainty_mpc,Q17,25,Jianhua Zheng; Tong Chen; Jiahong He; Zhunian Wang; Bingtuan Gao,https://doi.org/10.3390/en17164106,https://doi.org/10.3390/en17164106,17,gold,not_extracted,not_extracted,not_extracted,not_extracted,not_extracted,not_extracted,not_extracted,not_extracted,not_extracted,not_extracted,not_extracted,not_extracted,not_extracted,not_extracted,not_extracted,indirect_discovery_metadata,pending,OpenAlex discovery hit; requires primary-source verification
W4283813407,OAM: An Option-Action Reinforcement Learning Framework for Universal Multi-Intersection Control,2022,Proceedings of the AAAI Conference on Artificial Intelligence,conference-paper,candidate_unverified,benchmark,Q18,1,Enming Liang; Zicheng Su; Chilin Fang; Renxin Zhong,https://doi.org/10.1609/aaai.v36i4.20378,https://doi.org/10.1609/aaai.v36i4.20378,35,diamond,not_extracted,not_extracted,not_extracted,not_extracted,not_extracted,not_extracted,not_extracted,not_extracted,not_extracted,not_extracted,not_extracted,not_extracted,not_extracted,not_extracted,not_extracted,indirect_discovery_metadata,pending,OpenAlex discovery hit; requires primary-source verification
W3211801683,ModelLight: Model-Based Meta-Reinforcement Learning for Traffic Signal Control,2021,arXiv (Cornell University),preprint,candidate_unverified,benchmark,Q18,2,Xingshuai Huang; Di Wu; Michael Jenkin; Benoît Boulet,https://doi.org/10.48550/arxiv.2111.08067,http://arxiv.org/abs/2111.08067,12,green,not_extracted,not_extracted,not_extracted,not_extracted,not_extracted,not_extracted,not_extracted,not_extracted,not_extracted,not_extracted,not_extracted,not_extracted,not_extracted,not_extracted,not_extracted,indirect_discovery_metadata,pending,OpenAlex discovery hit; requires primary-source verification
W4281652995,Feudal Multi-Agent Reinforcement Learning with Adaptive Network Partition for Traffic Signal Control,2022,arXiv (Cornell University),preprint,candidate_unverified,benchmark,Q18,3,Jinming Ma; Feng Wu,https://doi.org/10.48550/arxiv.2205.13836,http://arxiv.org/abs/2205.13836,6,green,not_extracted,not_extracted,not_extracted,not_extracted,not_extracted,not_extracted,not_extracted,not_extracted,not_extracted,not_extracted,not_extracted,not_extracted,not_extracted,not_extracted,not_extracted,indirect_discovery_metadata,pending,OpenAlex discovery hit; requires primary-source verification
W4378501680,SocialLight: Distributed Cooperation Learning towards Network-Wide Traffic Signal Control,2023,arXiv (Cornell University),preprint,candidate_unverified,benchmark,Q18,4,Harsh Goel; Yifeng Zhang; Mehul Damani; Guillaume Sartoretti,https://doi.org/10.48550/arxiv.2305.16145,http://arxiv.org/abs/2305.16145,1,green,not_extracted,not_extracted,not_extracted,not_extracted,not_extracted,not_extracted,not_extracted,not_extracted,not_extracted,not_extracted,not_extracted,not_extracted,not_extracted,not_extracted,not_extracted,indirect_discovery_metadata,pending,OpenAlex discovery hit; requires primary-source verification
W4404489158,MAGT-toll: A multi-agent reinforcement learning approach to dynamic traffic congestion pricing,2024,PLoS ONE,article,candidate_unverified,benchmark,Q18,5,Jiaming Lu; Chuanyang Hong; Rui Wang,https://doi.org/10.1371/journal.pone.0313828,https://doi.org/10.1371/journal.pone.0313828,6,gold,not_extracted,not_extracted,not_extracted,not_extracted,not_extracted,not_extracted,not_extracted,not_extracted,not_extracted,not_extracted,not_extracted,not_extracted,not_extracted,not_extracted,not_extracted,indirect_discovery_metadata,pending,OpenAlex discovery hit; requires primary-source verification
W4402741790,Centralized Traffic Signal Control for Massive-Scale Heterogeneous Trafﬁc Network via Deep Reinforcement Learning,2024,Research Square,preprint,candidate_unverified,benchmark,Q18,6,SiYao Qiao; Jia Wu; Chenglin Yi; YanYu Ren,https://doi.org/10.21203/rs.3.rs-4710250/v1,http://dx.doi.org/10.21203/rs.3.rs-4710250/v1,0,green,not_extracted,not_extracted,not_extracted,not_extracted,not_extracted,not_extracted,not_extracted,not_extracted,not_extracted,not_extracted,not_extracted,not_extracted,not_extracted,not_extracted,not_extracted,indirect_discovery_metadata,pending,OpenAlex discovery hit; requires primary-source verification
W7154789340,C$^2$T: Captioning-Structure and LLM-Aligned Common-Sense Reward Learning for Traffic--Vehicle Coordination,2026,arXiv (Cornell University),preprint,candidate_unverified,benchmark,Q18,7,Yuyang Chen; Kaiyan Zhao; Yiming Wang; Ming Yang; Bin Rao; Zhenning Li,,https://arxiv.org/abs/2604.13098,0,green,not_extracted,not_extracted,not_extracted,not_extracted,not_extracted,not_extracted,not_extracted,not_extracted,not_extracted,not_extracted,not_extracted,not_extracted,not_extracted,not_extracted,not_extracted,indirect_discovery_metadata,pending,OpenAlex discovery hit; requires primary-source verification
W2998187693,Toward A Thousand Lights: Decentralized Deep Reinforcement Learning for Large-Scale Traffic Signal Control,2020,Proceedings of the AAAI Conference on Artificial Intelligence,conference-paper,candidate_unverified,baseline,Q19,1,Chacha Chen; Hua Wei; Nan Xu; Guanjie Zheng; Ming Yang; Yuanhao Xiong; Kai Xu; Zhenhui Li,https://doi.org/10.1609/aaai.v34i04.5744,https://doi.org/10.1609/aaai.v34i04.5744,402,diamond,not_extracted,not_extracted,not_extracted,not_extracted,not_extracted,not_extracted,not_extracted,not_extracted,not_extracted,not_extracted,not_extracted,not_extracted,not_extracted,not_extracted,not_extracted,indirect_discovery_metadata,pending,OpenAlex discovery hit; requires primary-source verification
W3173760308,Hierarchically and Cooperatively Learning Traffic Signal Control,2021,Proceedings of the AAAI Conference on Artificial Intelligence,conference-paper,candidate_unverified,baseline,Q19,2,Bingyu Xu; Yaowei Wang; Zhaozhi Wang; Huizhu Jia; Zongqing Lu,https://doi.org/10.1609/aaai.v35i1.16147,https://doi.org/10.1609/aaai.v35i1.16147,63,diamond,not_extracted,not_extracted,not_extracted,not_extracted,not_extracted,not_extracted,not_extracted,not_extracted,not_extracted,not_extracted,not_extracted,not_extracted,not_extracted,not_extracted,not_extracted,indirect_discovery_metadata,pending,OpenAlex discovery hit; requires primary-source verification
W4389074748,Libsignal: an open library for traffic signal control,2023,Machine Learning,article,candidate_unverified,baseline,Q19,3,Hao Mei; Xiaoliang Lei; Longchao Da; Bin Shi; Hua Wei,https://doi.org/10.1007/s10994-023-06412-y,https://doi.org/10.1007/s10994-023-06412-y,42,bronze,not_extracted,not_extracted,not_extracted,not_extracted,not_extracted,not_extracted,not_extracted,not_extracted,not_extracted,not_extracted,not_extracted,not_extracted,not_extracted,not_extracted,not_extracted,indirect_discovery_metadata,pending,OpenAlex discovery hit; requires primary-source verification
W4393241349,A General Scenario-Agnostic Reinforcement Learning for Traffic Signal Control,2024,IEEE Transactions on Intelligent Transportation Systems,article,candidate_unverified,baseline,Q19,4,Haoyuan Jiang; Ziyue Li; Zhishuai Li; Lei Bai; Hangyu Mao; Wolfgang Ketter; Rui Zhao,https://doi.org/10.1109/tits.2024.3377106,https://doi.org/10.1109/tits.2024.3377106,34,green,not_extracted,not_extracted,not_extracted,not_extracted,not_extracted,not_extracted,not_extracted,not_extracted,not_extracted,not_extracted,not_extracted,not_extracted,not_extracted,not_extracted,not_extracted,indirect_discovery_metadata,pending,OpenAlex discovery hit; requires primary-source verification
W4394061085,HumanLight: Incentivizing ridesharing via human-centric deep reinforcement learning in traffic signal control,2024,Transportation Research Part C Emerging Technologies,article,candidate_unverified,baseline,Q19,5,Dimitris M. Vlachogiannis; Hua Wei; Scott Moura; Jane Macfarlane,https://doi.org/10.1016/j.trc.2024.104593,https://doi.org/10.1016/j.trc.2024.104593,21,hybrid,not_extracted,not_extracted,not_extracted,not_extracted,not_extracted,not_extracted,not_extracted,not_extracted,not_extracted,not_extracted,not_extracted,not_extracted,not_extracted,not_extracted,not_extracted,indirect_discovery_metadata,pending,OpenAlex discovery hit; requires primary-source verification
W4321597926,A Review of Different Components of the Intelligent Traffic Management System (ITMS),2023,Symmetry,article,candidate_unverified,baseline,Q19,6,Nikhil Nigam; Dhirendra Pratap Singh; Jaytrilok Choudhary,https://doi.org/10.3390/sym15030583,https://doi.org/10.3390/sym15030583,74,gold,not_extracted,not_extracted,not_extracted,not_extracted,not_extracted,not_extracted,not_extracted,not_extracted,not_extracted,not_extracted,not_extracted,not_extracted,not_extracted,not_extracted,not_extracted,indirect_discovery_metadata,pending,OpenAlex discovery hit; requires primary-source verification
W4223648835,Biased Pressure: Cyclic Reinforcement Learning Model for Intelligent Traffic Signal Control,2022,Sensors,article,candidate_unverified,baseline,Q19,7,Bunyodbek Ibrokhimov; Young-Joo Kim; Sang-Gil Kang,https://doi.org/10.3390/s22072818,https://doi.org/10.3390/s22072818,16,gold,not_extracted,not_extracted,not_extracted,not_extracted,not_extracted,not_extracted,not_extracted,not_extracted,not_extracted,not_extracted,not_extracted,not_extracted,not_extracted,not_extracted,not_extracted,indirect_discovery_metadata,pending,OpenAlex discovery hit; requires primary-source verification
W4393161217,π-Light: Programmatic Interpretable Reinforcement Learning for Resource-Limited Traffic Signal Control,2024,Proceedings of the AAAI Conference on Artificial Intelligence,conference-paper,candidate_unverified,baseline,Q19,8,Yin Gu; Kai Zhang; Qi Liu; Weibo Gao; Longfei Li; Jun Zhou,https://doi.org/10.1609/aaai.v38i19.30103,https://doi.org/10.1609/aaai.v38i19.30103,17,diamond,not_extracted,not_extracted,not_extracted,not_extracted,not_extracted,not_extracted,not_extracted,not_extracted,not_extracted,not_extracted,not_extracted,not_extracted,not_extracted,not_extracted,not_extracted,indirect_discovery_metadata,pending,OpenAlex discovery hit; requires primary-source verification
W4385763866,DenseLight: Efficient Control for Large-scale Traffic Signals with Dense Feedback,2023,not_extracted,conference-paper,candidate_unverified,baseline,Q19,9,Junfan Lin; Yuying Zhu; Lingbo Liu; Yang Liu; Guanbin Li; Liang Lin,https://doi.org/10.24963/ijcai.2023/672,https://doi.org/10.24963/ijcai.2023/672,10,gold,not_extracted,not_extracted,not_extracted,not_extracted,not_extracted,not_extracted,not_extracted,not_extracted,not_extracted,not_extracted,not_extracted,not_extracted,not_extracted,not_extracted,not_extracted,indirect_discovery_metadata,pending,OpenAlex discovery hit; requires primary-source verification
W4413794470,DeepSIGNAL-ITS—Deep Learning Signal Intelligence for Adaptive Traffic Signal Control in Intelligent Transportation Systems,2025,Applied Sciences,article,candidate_unverified,baseline,Q19,10,Mirabela Melinda Medvei; Alin-Viorel Bordei; Ștefania Loredana Niță; Nicolae Ţăpuş,https://doi.org/10.3390/app15179396,https://doi.org/10.3390/app15179396,6,gold,not_extracted,not_extracted,not_extracted,not_extracted,not_extracted,not_extracted,not_extracted,not_extracted,not_extracted,not_extracted,not_extracted,not_extracted,not_extracted,not_extracted,not_extracted,indirect_discovery_metadata,pending,OpenAlex discovery hit; requires primary-source verification
W4385067564,Heterogeneous traffic intersections control design based on reinforcement learning,2023,IET Intelligent Transport Systems,article,candidate_unverified,baseline,Q19,11,Jiajing Shen; Jiaxing Hu; Qinpei Zhao; Weixiong Rao,https://doi.org/10.1049/itr2.12408,https://doi.org/10.1049/itr2.12408,4,gold,not_extracted,not_extracted,not_extracted,not_extracted,not_extracted,not_extracted,not_extracted,not_extracted,not_extracted,not_extracted,not_extracted,not_extracted,not_extracted,not_extracted,not_extracted,indirect_discovery_metadata,pending,OpenAlex discovery hit; requires primary-source verification
W4303941905,Multi-Agent Reinforcement Learning for Traffic Signal Control through Universal Communication Method,2022,arXiv (Cornell University),preprint,candidate_unverified,baseline,Q19,12,Qize Jiang; Minhao Qin; Shengmin Shi; Weiwei Sun; Baihua Zheng,https://doi.org/10.48550/arxiv.2204.12190,http://arxiv.org/abs/2204.12190,2,green,not_extracted,not_extracted,not_extracted,not_extracted,not_extracted,not_extracted,not_extracted,not_extracted,not_extracted,not_extracted,not_extracted,not_extracted,not_extracted,not_extracted,not_extracted,indirect_discovery_metadata,pending,OpenAlex discovery hit; requires primary-source verification
W4309797029,LibSignal: An Open Library for Traffic Signal Control,2022,arXiv (Cornell University),preprint,candidate_unverified,baseline,Q19,13,Hao Mei; Xiaoliang Lei; Longchao Da; Bin Shi; Hua Wei,https://doi.org/10.48550/arxiv.2211.10649,http://arxiv.org/abs/2211.10649,1,green,not_extracted,not_extracted,not_extracted,not_extracted,not_extracted,not_extracted,not_extracted,not_extracted,not_extracted,not_extracted,not_extracted,not_extracted,not_extracted,not_extracted,not_extracted,indirect_discovery_metadata,pending,OpenAlex discovery hit; requires primary-source verification
W4353007071,DataLight: Offline Data-Driven Traffic Signal Control,2023,arXiv (Cornell University),preprint,candidate_unverified,baseline,Q19,14,"Liang Zhang; Zhang, Yutong; Deng, Jianming; Li, Chen",https://doi.org/10.48550/arxiv.2303.10828,http://arxiv.org/abs/2303.10828,1,green,not_extracted,not_extracted,not_extracted,not_extracted,not_extracted,not_extracted,not_extracted,not_extracted,not_extracted,not_extracted,not_extracted,not_extracted,not_extracted,not_extracted,not_extracted,indirect_discovery_metadata,pending,OpenAlex discovery hit; requires primary-source verification
W4379160032,Learning Multi-intersection Traffic Signal Control via Coevolutionary Multi-Agent Reinforcement Learning,2023,not_extracted,preprint,candidate_unverified,baseline,Q19,15,Wubing Chen,https://doi.org/10.36227/techrxiv.23254547,http://dx.doi.org/10.36227/techrxiv.23254547,2,gold,not_extracted,not_extracted,not_extracted,not_extracted,not_extracted,not_extracted,not_extracted,not_extracted,not_extracted,not_extracted,not_extracted,not_extracted,not_extracted,not_extracted,not_extracted,indirect_discovery_metadata,pending,OpenAlex discovery hit; requires primary-source verification
W4378501680,SocialLight: Distributed Cooperation Learning towards Network-Wide Traffic Signal Control,2023,arXiv (Cornell University),preprint,candidate_unverified,baseline,Q19,16,Harsh Goel; Yifeng Zhang; Mehul Damani; Guillaume Sartoretti,https://doi.org/10.48550/arxiv.2305.16145,http://arxiv.org/abs/2305.16145,1,green,not_extracted,not_extracted,not_extracted,not_extracted,not_extracted,not_extracted,not_extracted,not_extracted,not_extracted,not_extracted,not_extracted,not_extracted,not_extracted,not_extracted,not_extracted,indirect_discovery_metadata,pending,OpenAlex discovery hit; requires primary-source verification
W4403617347,DHLight: Multi-agent Policy-based Directed Hypergraph Learning for Traffic Signal Control,2024,arXiv (Cornell University),preprint,candidate_unverified,baseline,Q19,17,"Lei, Zhen; Zhishu Shen; Kang Wang; Zhenwei Wang; Tiehua Zhang",https://doi.org/10.48550/arxiv.2409.05037,http://arxiv.org/abs/2409.05037,1,green,not_extracted,not_extracted,not_extracted,not_extracted,not_extracted,not_extracted,not_extracted,not_extracted,not_extracted,not_extracted,not_extracted,not_extracted,not_extracted,not_extracted,not_extracted,indirect_discovery_metadata,pending,OpenAlex discovery hit; requires primary-source verification
W4379160010,Learning Multi-intersection Traffic Signal Control via Coevolutionary Multi-Agent Reinforcement Learning,2023,not_extracted,preprint,candidate_unverified,baseline,Q19,18,Wubing Chen,https://doi.org/10.36227/techrxiv.23254547.v1,http://dx.doi.org/10.36227/techrxiv.23254547.v1,1,gold,not_extracted,not_extracted,not_extracted,not_extracted,not_extracted,not_extracted,not_extracted,not_extracted,not_extracted,not_extracted,not_extracted,not_extracted,not_extracted,not_extracted,not_extracted,indirect_discovery_metadata,pending,OpenAlex discovery hit; requires primary-source verification
W4401024126,SocialMP: Learning Social Aware Motion Patterns via Additive Fusion for Pedestrian Trajectory Prediction,2024,not_extracted,conference-paper,candidate_unverified,baseline,Q19,19,Tianci Gao; Yuzhen Zhang; Hang Guo; Pei Lv,https://doi.org/10.24963/ijcai.2024/11,https://doi.org/10.24963/ijcai.2024/11,8,gold,not_extracted,not_extracted,not_extracted,not_extracted,not_extracted,not_extracted,not_extracted,not_extracted,not_extracted,not_extracted,not_extracted,not_extracted,not_extracted,not_extracted,not_extracted,indirect_discovery_metadata,pending,OpenAlex discovery hit; requires primary-source verification
W4399116110,Knowing What Not to Do: Leverage Language Model Insights for Action Space Pruning in Multi-agent Reinforcement Learning,2024,arXiv (Cornell University),preprint,candidate_unverified,baseline,Q19,20,Zhihao Liu; Xianliang Yang; Zichuan Liu; Yifan Xia; Wei Jiang; Yuanyu Zhang; Lijuan Li; Guo-Liang Fan,https://doi.org/10.48550/arxiv.2405.16854,http://arxiv.org/abs/2405.16854,1,green,not_extracted,not_extracted,not_extracted,not_extracted,not_extracted,not_extracted,not_extracted,not_extracted,not_extracted,not_extracted,not_extracted,not_extracted,not_extracted,not_extracted,not_extracted,indirect_discovery_metadata,pending,OpenAlex discovery hit; requires primary-source verification
W4417102697,Traffic-R1: Reinforced LLMs Bring Human-Like Reasoning to Traffic Signal Control Systems,2026,not_extracted,conference-paper,candidate_unverified,baseline,Q19,21,Xingchen Zou; Yuhao Yang; Zheng Chen; Xixuan Hao; Yiqi Chen; Chao Huang; Yuxuan Liang,https://doi.org/10.18653/v1/2026.acl-long.995,https://doi.org/10.18653/v1/2026.acl-long.995,0,gold,not_extracted,not_extracted,not_extracted,not_extracted,not_extracted,not_extracted,not_extracted,not_extracted,not_extracted,not_extracted,not_extracted,not_extracted,not_extracted,not_extracted,not_extracted,indirect_discovery_metadata,pending,OpenAlex discovery hit; requires primary-source verification
W7128886937,HALO: Hierarchical reinforcement learning for large-scale adaptive traffic signal control,2026,Warwick Research Archive Portal (University of Warwick),conference-paper,candidate_unverified,baseline,Q19,22,Yaqiao Zhu; Hongkai Wen; Geyong Min; Man Luo,,https://wrap.warwick.ac.uk/id/eprint/196419/7/WRAP-HALO-Hierachical-reinforcement-learning-traffic-signal-control-26.pdf,0,green,not_extracted,not_extracted,not_extracted,not_extracted,not_extracted,not_extracted,not_extracted,not_extracted,not_extracted,not_extracted,not_extracted,not_extracted,not_extracted,not_extracted,not_extracted,indirect_discovery_metadata,pending,OpenAlex discovery hit; requires primary-source verification
W4380714551,DenseLight: Efficient Control for Large-scale Traffic Signals with Dense Feedback,2023,arXiv (Cornell University),preprint,candidate_unverified,baseline,Q19,23,Junfan Lin; Yuying Zhu; Lingbo Liu; Yang Liu; Guanbin Li; Liang Lin,https://doi.org/10.48550/arxiv.2306.07553,http://arxiv.org/abs/2306.07553,0,green,not_extracted,not_extracted,not_extracted,not_extracted,not_extracted,not_extracted,not_extracted,not_extracted,not_extracted,not_extracted,not_extracted,not_extracted,not_extracted,not_extracted,not_extracted,indirect_discovery_metadata,pending,OpenAlex discovery hit; requires primary-source verification
W4224299806,DynLight: Realize dynamic phase duration with multi-level traffic signal control,2022,arXiv (Cornell University),preprint,candidate_unverified,baseline,Q19,24,Liang Zhang; Shubin Xie; Jianming Deng,https://doi.org/10.48550/arxiv.2204.03471,http://arxiv.org/abs/2204.03471,0,green,not_extracted,not_extracted,not_extracted,not_extracted,not_extracted,not_extracted,not_extracted,not_extracted,not_extracted,not_extracted,not_extracted,not_extracted,not_extracted,not_extracted,not_extracted,indirect_discovery_metadata,pending,OpenAlex discovery hit; requires primary-source verification
W4414590260,HALO: Hierarchical Reinforcement Learning for Large-Scale Adaptive Traffic Signal Control,2026,not_extracted,conference-paper,candidate_unverified,baseline,Q19,25,Yaqiao Zhu; Hongkai Wen; Geyong Min; Man Luo,https://doi.org/10.1145/3774904.3792352,https://doi.org/10.1145/3774904.3792352,0,gold,not_extracted,not_extracted,not_extracted,not_extracted,not_extracted,not_extracted,not_extracted,not_extracted,not_extracted,not_extracted,not_extracted,not_extracted,not_extracted,not_extracted,not_extracted,indirect_discovery_metadata,pending,OpenAlex discovery hit; requires primary-source verification
W3135028703,"Machine Learning: Algorithms, Real-World Applications and Research Directions",2021,SN Computer Science,article,candidate_unverified,survey,Q20,1,Iqbal H. Sarker,https://doi.org/10.1007/s42979-021-00592-x,https://doi.org/10.1007/s42979-021-00592-x,5262,bronze,not_extracted,not_extracted,not_extracted,not_extracted,not_extracted,not_extracted,not_extracted,not_extracted,not_extracted,not_extracted,not_extracted,not_extracted,not_extracted,not_extracted,not_extracted,indirect_discovery_metadata,pending,OpenAlex discovery hit; requires primary-source verification
W3123082711,Recent Advances in Reinforcement Learning for Traffic Signal Control,2021,ACM SIGKDD Explorations Newsletter,article,candidate_unverified,survey,Q20,2,Hua Wei; Guanjie Zheng; Vikash V. Gayah; Zhenhui Li,https://doi.org/10.1145/3447556.3447565,https://doi.org/10.1145/3447556.3447565,219,closed,not_extracted,not_extracted,not_extracted,not_extracted,not_extracted,not_extracted,not_extracted,not_extracted,not_extracted,not_extracted,not_extracted,not_extracted,not_extracted,not_extracted,not_extracted,indirect_discovery_metadata,pending,OpenAlex discovery hit; requires primary-source verification
W3100366369,An Introduction to Deep Reinforcement Learning,2018,Foundations and Trends® in Machine Learning,article,candidate_unverified,survey,Q20,3,Vincent François-Lavet; Peter Henderson; Riashat Islam; Marc G. Bellemare; Joëlle Pineau,https://doi.org/10.1561/2200000071,https://doi.org/10.1561/2200000071,1277,green,not_extracted,not_extracted,not_extracted,not_extracted,not_extracted,not_extracted,not_extracted,not_extracted,not_extracted,not_extracted,not_extracted,not_extracted,not_extracted,not_extracted,not_extracted,indirect_discovery_metadata,pending,OpenAlex discovery hit; requires primary-source verification
W3156295478,Multi-agent deep reinforcement learning: a survey,2021,Artificial Intelligence Review,article,candidate_unverified,survey,Q20,4,Sven Gronauer; Klaus Diepold,https://doi.org/10.1007/s10462-021-09996-w,https://doi.org/10.1007/s10462-021-09996-w,882,hybrid,not_extracted,not_extracted,not_extracted,not_extracted,not_extracted,not_extracted,not_extracted,not_extracted,not_extracted,not_extracted,not_extracted,not_extracted,not_extracted,not_extracted,not_extracted,indirect_discovery_metadata,pending,OpenAlex discovery hit; requires primary-source verification
W3140854437,"Review of deep learning: concepts, CNN architectures, challenges, applications, future directions",2021,Journal Of Big Data,article,candidate_unverified,survey,Q20,5,Laith Alzubaidi; Jinglan Zhang; Amjad J. Humaidi; Ayad Q. Al-Dujaili; Ye Duan; Omran Al-Shamma; José Santamaría; Mohammed A. Fadhel,https://doi.org/10.1186/s40537-021-00444-8,https://doi.org/10.1186/s40537-021-00444-8,7749,gold,not_extracted,not_extracted,not_extracted,not_extracted,not_extracted,not_extracted,not_extracted,not_extracted,not_extracted,not_extracted,not_extracted,not_extracted,not_extracted,not_extracted,not_extracted,indirect_discovery_metadata,pending,OpenAlex discovery hit; requires primary-source verification
W4383112908,Transfer Learning in Deep Reinforcement Learning: A Survey,2023,IEEE Transactions on Pattern Analysis and Machine Intelligence,article,candidate_unverified,survey,Q20,6,Zhuangdi Zhu; Kaixiang Lin; Anil K. Jain; Jiayu Zhou,https://doi.org/10.1109/tpami.2023.3292075,https://doi.org/10.1109/tpami.2023.3292075,707,green,not_extracted,not_extracted,not_extracted,not_extracted,not_extracted,not_extracted,not_extracted,not_extracted,not_extracted,not_extracted,not_extracted,not_extracted,not_extracted,not_extracted,not_extracted,indirect_discovery_metadata,pending,OpenAlex discovery hit; requires primary-source verification
W3168997536,"A Survey of Convolutional Neural Networks: Analysis, Applications, and Prospects",2021,IEEE Transactions on Neural Networks and Learning Systems,article,candidate_unverified,survey,Q20,7,Zewen Li; Fan Liu; Wenjie Yang; Shouheng Peng; Jun Zhou,https://doi.org/10.1109/tnnls.2021.3084827,https://doi.org/10.1109/tnnls.2021.3084827,5001,gold,not_extracted,not_extracted,not_extracted,not_extracted,not_extracted,not_extracted,not_extracted,not_extracted,not_extracted,not_extracted,not_extracted,not_extracted,not_extracted,not_extracted,not_extracted,indirect_discovery_metadata,pending,OpenAlex discovery hit; requires primary-source verification
W2998187693,Toward A Thousand Lights: Decentralized Deep Reinforcement Learning for Large-Scale Traffic Signal Control,2020,Proceedings of the AAAI Conference on Artificial Intelligence,conference-paper,candidate_unverified,survey,Q20,8,Chacha Chen; Hua Wei; Nan Xu; Guanjie Zheng; Ming Yang; Yuanhao Xiong; Kai Xu; Zhenhui Li,https://doi.org/10.1609/aaai.v34i04.5744,https://doi.org/10.1609/aaai.v34i04.5744,402,diamond,not_extracted,not_extracted,not_extracted,not_extracted,not_extracted,not_extracted,not_extracted,not_extracted,not_extracted,not_extracted,not_extracted,not_extracted,not_extracted,not_extracted,not_extracted,indirect_discovery_metadata,pending,OpenAlex discovery hit; requires primary-source verification
W3040838455,Event-Based Vision: A Survey,2020,IEEE Transactions on Pattern Analysis and Machine Intelligence,article,candidate_unverified,survey,Q20,9,Guillermo Gallego; Tobi Delbruck; Garrick Orchard; Chiara Bartolozzi; Brian Taba; Andrea Censi; Stefan Leutenegger; Andrew J. Davison,https://doi.org/10.1109/tpami.2020.3008413,https://doi.org/10.1109/tpami.2020.3008413,2142,hybrid,not_extracted,not_extracted,not_extracted,not_extracted,not_extracted,not_extracted,not_extracted,not_extracted,not_extracted,not_extracted,not_extracted,not_extracted,not_extracted,not_extracted,not_extracted,indirect_discovery_metadata,pending,OpenAlex discovery hit; requires primary-source verification
W4387195417,Diffusion Models: A Comprehensive Survey of Methods and Applications,2023,ACM Computing Surveys,article,candidate_unverified,survey,Q20,10,L. Yang; Zhilong Zhang; Yang Song; Shenda Hong; Runsheng Xu; Yue Zhao; Wentao Zhang; Bin Cui,https://doi.org/10.1145/3626235,https://doi.org/10.1145/3626235,1465,bronze,not_extracted,not_extracted,not_extracted,not_extracted,not_extracted,not_extracted,not_extracted,not_extracted,not_extracted,not_extracted,not_extracted,not_extracted,not_extracted,not_extracted,not_extracted,indirect_discovery_metadata,pending,OpenAlex discovery hit; requires primary-source verification
W3149839747,Ensemble deep learning: A review,2022,Engineering Applications of Artificial Intelligence,article,candidate_unverified,survey,Q20,11,M. A. Ganaie; Minghui Hu; A. K. Malik; M. Tanveer; Ponnuthurai Nagaratnam Suganthan,https://doi.org/10.1016/j.engappai.2022.105151,https://doi.org/10.1016/j.engappai.2022.105151,2109,bronze,not_extracted,not_extracted,not_extracted,not_extracted,not_extracted,not_extracted,not_extracted,not_extracted,not_extracted,not_extracted,not_extracted,not_extracted,not_extracted,not_extracted,not_extracted,indirect_discovery_metadata,pending,OpenAlex discovery hit; requires primary-source verification
W3194730353,"Deep Learning: A Comprehensive Overview on Techniques, Taxonomy, Applications and Research Directions",2021,SN Computer Science,article,candidate_unverified,survey,Q20,12,Iqbal H. Sarker,https://doi.org/10.1007/s42979-021-00815-1,https://doi.org/10.1007/s42979-021-00815-1,2495,bronze,not_extracted,not_extracted,not_extracted,not_extracted,not_extracted,not_extracted,not_extracted,not_extracted,not_extracted,not_extracted,not_extracted,not_extracted,not_extracted,not_extracted,not_extracted,indirect_discovery_metadata,pending,OpenAlex discovery hit; requires primary-source verification
W4386142022,Interpreting Black-Box Models: A Review on Explainable Artificial Intelligence,2023,Cognitive Computation,article,candidate_unverified,survey,Q20,13,Vikas Hassija; Vinay Chamola; Atmesh Mahapatra; Abhinandan Singal; Divyansh Goel; Kaizhu Huang; Simone Scardapane; Indro Spinelli,https://doi.org/10.1007/s12559-023-10179-8,https://doi.org/10.1007/s12559-023-10179-8,1884,hybrid,not_extracted,not_extracted,not_extracted,not_extracted,not_extracted,not_extracted,not_extracted,not_extracted,not_extracted,not_extracted,not_extracted,not_extracted,not_extracted,not_extracted,not_extracted,indirect_discovery_metadata,pending,OpenAlex discovery hit; requires primary-source verification
W2998332605,MetaLight: Value-Based Meta-Reinforcement Learning for Traffic Signal Control,2020,Proceedings of the AAAI Conference on Artificial Intelligence,conference-paper,candidate_unverified,survey,Q20,14,Xinshi Zang; Huaxiu Yao; Guanjie Zheng; Nan Xu; Kai Xu; Zhenhui Li,https://doi.org/10.1609/aaai.v34i01.5467,https://doi.org/10.1609/aaai.v34i01.5467,166,diamond,not_extracted,not_extracted,not_extracted,not_extracted,not_extracted,not_extracted,not_extracted,not_extracted,not_extracted,not_extracted,not_extracted,not_extracted,not_extracted,not_extracted,not_extracted,indirect_discovery_metadata,pending,OpenAlex discovery hit; requires primary-source verification
W4366091323,"Deep learning modelling techniques: current progress, applications, advantages, and challenges",2023,Artificial Intelligence Review,article,candidate_unverified,survey,Q20,15,Shams Forruque Ahmed; Md. Sakib Bin Alam; Maruf Hassan; Mahtabin Rodela Rozbu; Taoseef Ishtiak; Nazifa Rafa; M. Mofijur; A. B. M. Shawkat Ali,https://doi.org/10.1007/s10462-023-10466-8,https://doi.org/10.1007/s10462-023-10466-8,1020,hybrid,not_extracted,not_extracted,not_extracted,not_extracted,not_extracted,not_extracted,not_extracted,not_extracted,not_extracted,not_extracted,not_extracted,not_extracted,not_extracted,not_extracted,not_extracted,indirect_discovery_metadata,pending,OpenAlex discovery hit; requires primary-source verification
W4220899555,Reinforcement learning in urban network traffic signal control: A systematic literature review,2022,Expert Systems with Applications,review,candidate_unverified,survey,Q20,16,Mohammad Noaeen; Atharva Naik; Liana Goodman; Jared Crebo; Taimoor Abrar; Zahra Shakeri Hossein Abad; Ana L. C. Bazzan; Behrouz H. Far,https://doi.org/10.1016/j.eswa.2022.116830,https://doi.org/10.1016/j.eswa.2022.116830,233,hybrid,not_extracted,not_extracted,not_extracted,not_extracted,not_extracted,not_extracted,not_extracted,not_extracted,not_extracted,not_extracted,not_extracted,not_extracted,not_extracted,not_extracted,not_extracted,indirect_discovery_metadata,pending,OpenAlex discovery hit; requires primary-source verification
W2969525674,Multi-Agent Reinforcement Learning-Based Resource Allocation for UAV Networks,2019,IEEE Transactions on Wireless Communications,article,candidate_unverified,survey,Q20,17,Jingjing Cui; Yuanwei Liu; Arumugam Nallanathan,https://doi.org/10.1109/twc.2019.2935201,https://doi.org/10.1109/twc.2019.2935201,577,hybrid,not_extracted,not_extracted,not_extracted,not_extracted,not_extracted,not_extracted,not_extracted,not_extracted,not_extracted,not_extracted,not_extracted,not_extracted,not_extracted,not_extracted,not_extracted,indirect_discovery_metadata,pending,OpenAlex discovery hit; requires primary-source verification
W3096632704,Deep Reinforcement Learning for Traffic Signal Control: A Review,2020,IEEE Access,article,candidate_unverified,survey,Q20,18,Faizan Rasheed; Kok‐Lim Alvin Yau; Rafidah Md Noor; Celimuge Wu; Yeh-Ching Low,https://doi.org/10.1109/access.2020.3034141,https://doi.org/10.1109/access.2020.3034141,162,gold,not_extracted,not_extracted,not_extracted,not_extracted,not_extracted,not_extracted,not_extracted,not_extracted,not_extracted,not_extracted,not_extracted,not_extracted,not_extracted,not_extracted,not_extracted,indirect_discovery_metadata,pending,OpenAlex discovery hit; requires primary-source verification
W2809684781,"A comprehensive survey on machine learning for networking: evolution, applications and research opportunities",2018,Journal of Internet Services and Applications,article,candidate_unverified,survey,Q20,19,Raouf Boutaba; Mohammad A. Salahuddin; Noura Limam; Sara Ayoubi; Nashid Shahriar; Felipe Estrada‐Solano; Oscar Maurício Caicedo Rendón,https://doi.org/10.1186/s13174-018-0087-2,https://doi.org/10.1186/s13174-018-0087-2,1008,gold,not_extracted,not_extracted,not_extracted,not_extracted,not_extracted,not_extracted,not_extracted,not_extracted,not_extracted,not_extracted,not_extracted,not_extracted,not_extracted,not_extracted,not_extracted,indirect_discovery_metadata,pending,OpenAlex discovery hit; requires primary-source verification
W3127161477,Deep Learning for Network Traffic Monitoring and Analysis (NTMA): A Survey,2021,Computer Communications,article,candidate_unverified,survey,Q20,20,Mahmoud Abbasi; Amin Shahraki; Amir Taherkordi,https://doi.org/10.1016/j.comcom.2021.01.021,https://doi.org/10.1016/j.comcom.2021.01.021,433,hybrid,not_extracted,not_extracted,not_extracted,not_extracted,not_extracted,not_extracted,not_extracted,not_extracted,not_extracted,not_extracted,not_extracted,not_extracted,not_extracted,not_extracted,not_extracted,indirect_discovery_metadata,pending,OpenAlex discovery hit; requires primary-source verification
W4225716729,"AI-Based Modeling: Techniques, Applications and Research Issues Towards Automation, Intelligent and Smart Systems",2022,SN Computer Science,article,candidate_unverified,survey,Q20,21,Iqbal H. Sarker,https://doi.org/10.1007/s42979-022-01043-x,https://doi.org/10.1007/s42979-022-01043-x,1129,hybrid,not_extracted,not_extracted,not_extracted,not_extracted,not_extracted,not_extracted,not_extracted,not_extracted,not_extracted,not_extracted,not_extracted,not_extracted,not_extracted,not_extracted,not_extracted,indirect_discovery_metadata,pending,OpenAlex discovery hit; requires primary-source verification
W3003667836,"Digital Twin: Values, Challenges and Enablers From a Modeling Perspective",2020,IEEE Access,article,candidate_unverified,survey,Q20,22,Adil Rasheed; Omer San; Trond Kvamsdal,https://doi.org/10.1109/access.2020.2970143,https://doi.org/10.1109/access.2020.2970143,1791,gold,not_extracted,not_extracted,not_extracted,not_extracted,not_extracted,not_extracted,not_extracted,not_extracted,not_extracted,not_extracted,not_extracted,not_extracted,not_extracted,not_extracted,not_extracted,indirect_discovery_metadata,pending,OpenAlex discovery hit; requires primary-source verification
W4295122555,Deep Residual Learning for Image Recognition: A Survey,2022,Applied Sciences,article,candidate_unverified,survey,Q20,23,Muhammad Shafiq; Zhaoquan Gu,https://doi.org/10.3390/app12188972,https://doi.org/10.3390/app12188972,976,gold,not_extracted,not_extracted,not_extracted,not_extracted,not_extracted,not_extracted,not_extracted,not_extracted,not_extracted,not_extracted,not_extracted,not_extracted,not_extracted,not_extracted,not_extracted,indirect_discovery_metadata,pending,OpenAlex discovery hit; requires primary-source verification
W3112388352,Applications of reinforcement learning in energy systems,2020,Renewable and Sustainable Energy Reviews,article,candidate_unverified,survey,Q20,24,A.T.D. Perera; Parameswaran Kamalaruban,https://doi.org/10.1016/j.rser.2020.110618,https://doi.org/10.1016/j.rser.2020.110618,404,hybrid,not_extracted,not_extracted,not_extracted,not_extracted,not_extracted,not_extracted,not_extracted,not_extracted,not_extracted,not_extracted,not_extracted,not_extracted,not_extracted,not_extracted,not_extracted,indirect_discovery_metadata,pending,OpenAlex discovery hit; requires primary-source verification
W2926701059,Deep Learning Approach for Intelligent Intrusion Detection System,2019,IEEE Access,article,candidate_unverified,survey,Q20,25,R. Vinayakumar; Mamoun Alazab; K. P. Soman; Prabaharan Poornachandran; Ameer Al-Nemrat; Sitalakshmi Venkatraman,https://doi.org/10.1109/access.2019.2895334,https://doi.org/10.1109/access.2019.2895334,1851,gold,not_extracted,not_extracted,not_extracted,not_extracted,not_extracted,not_extracted,not_extracted,not_extracted,not_extracted,not_extracted,not_extracted,not_extracted,not_extracted,not_extracted,not_extracted,indirect_discovery_metadata,pending,OpenAlex discovery hit; requires primary-source verification
W3003257820,SciPy 1.0: fundamental algorithms for scientific computing in Python,2020,Nature Methods,article,candidate_unverified,implementation,Q21,1,Pauli Virtanen; Ralf Gommers; Travis E. Oliphant; Matt Haberland; Tyler Reddy; David Cournapeau; Evgeni Burovski; Pearu Peterson,https://doi.org/10.1038/s41592-019-0686-2,https://doi.org/10.1038/s41592-019-0686-2,39069,hybrid,not_extracted,not_extracted,not_extracted,not_extracted,not_extracted,not_extracted,not_extracted,not_extracted,not_extracted,not_extracted,not_extracted,not_extracted,not_extracted,not_extracted,not_extracted,indirect_discovery_metadata,pending,OpenAlex discovery hit; requires primary-source verification
W3103145119,SciPy 1.0: fundamental algorithms for scientific computing in Python,2019,Monash University Research Portal (Monash University),article,candidate_unverified,implementation,Q21,2,Pauli Virtanen; Ralf Gommers; Travis E. Oliphant; Matt Haberland; Tyler Reddy; David Cournapeau; Evgeni Burovski; Pearu Peterson,https://doi.org/10.17863/cam.64134,https://research.monash.edu/en/publications/464a6409-5bd7-4b1b-ae73-686ced5a3b68,11593,green,not_extracted,not_extracted,not_extracted,not_extracted,not_extracted,not_extracted,not_extracted,not_extracted,not_extracted,not_extracted,not_extracted,not_extracted,not_extracted,not_extracted,not_extracted,indirect_discovery_metadata,pending,OpenAlex discovery hit; requires primary-source verification
W4389074748,Libsignal: an open library for traffic signal control,2023,Machine Learning,article,candidate_unverified,implementation,Q21,3,Hao Mei; Xiaoliang Lei; Longchao Da; Bin Shi; Hua Wei,https://doi.org/10.1007/s10994-023-06412-y,https://doi.org/10.1007/s10994-023-06412-y,42,bronze,not_extracted,not_extracted,not_extracted,not_extracted,not_extracted,not_extracted,not_extracted,not_extracted,not_extracted,not_extracted,not_extracted,not_extracted,not_extracted,not_extracted,not_extracted,indirect_discovery_metadata,pending,OpenAlex discovery hit; requires primary-source verification
W4206484811,"A Metaverse: Taxonomy, Components, Applications, and Open Challenges",2022,IEEE Access,article,candidate_unverified,implementation,Q21,4,Sangmin Park; Young‐Gab Kim,https://doi.org/10.1109/access.2021.3140175,https://doi.org/10.1109/access.2021.3140175,1796,gold,not_extracted,not_extracted,not_extracted,not_extracted,not_extracted,not_extracted,not_extracted,not_extracted,not_extracted,not_extracted,not_extracted,not_extracted,not_extracted,not_extracted,not_extracted,indirect_discovery_metadata,pending,OpenAlex discovery hit; requires primary-source verification
W4206721098,Crowdsourced air traffic data from the OpenSky Network 2019–2020,2021,Earth system science data,article,candidate_unverified,implementation,Q21,5,Martin Strohmeier; Xavier Olivé; Jannis Lübbe; Mathias Schäfer; Vincent Lenders,https://doi.org/10.5194/essd-13-357-2021,https://doi.org/10.5194/essd-13-357-2021,88,gold,not_extracted,not_extracted,not_extracted,not_extracted,not_extracted,not_extracted,not_extracted,not_extracted,not_extracted,not_extracted,not_extracted,not_extracted,not_extracted,not_extracted,not_extracted,indirect_discovery_metadata,pending,OpenAlex discovery hit; requires primary-source verification
W4206037526,Ensembl 2020,2019,Nucleic Acids Research,article,candidate_unverified,implementation,Q21,6,Andrew Yates; Premanand Achuthan; Wasiu Akanni; James E. Allen; Jamie Allen; Jorge Álvarez-Jarreta; M Ridwan Amode; Irina M. Armean,https://doi.org/10.1093/nar/gkz966,https://doi.org/10.1093/nar/gkz966,1228,gold,not_extracted,not_extracted,not_extracted,not_extracted,not_extracted,not_extracted,not_extracted,not_extracted,not_extracted,not_extracted,not_extracted,not_extracted,not_extracted,not_extracted,not_extracted,indirect_discovery_metadata,pending,OpenAlex discovery hit; requires primary-source verification
W4224322255,Knowledge Enhanced GAN for IoT Traffic Generation,2022,Proceedings of the ACM Web Conference 2022,conference-paper,candidate_unverified,implementation,Q21,7,Shuodi Hui; Huandong Wang; Zhenhua Wang; Xinghao Yang; Zhongjin Liu; Depeng Jin; Yong Li,https://doi.org/10.1145/3485447.3511976,https://doi.org/10.1145/3485447.3511976,49,bronze,not_extracted,not_extracted,not_extracted,not_extracted,not_extracted,not_extracted,not_extracted,not_extracted,not_extracted,not_extracted,not_extracted,not_extracted,not_extracted,not_extracted,not_extracted,indirect_discovery_metadata,pending,OpenAlex discovery hit; requires primary-source verification
W4226019605,A Nationwide Impact Assessment of Automated Driving Systems on Traffic Safety Using Multiagent Traffic Simulations,2022,IEEE Open Journal of Intelligent Transportation Systems,article,candidate_unverified,implementation,Q21,8,Sou Kitajima; Hanna Chouchane; Jacobo Antona‐Makoshi; Nobuyuki Uchida; Jun Tajima,https://doi.org/10.1109/ojits.2022.3165769,https://doi.org/10.1109/ojits.2022.3165769,36,gold,not_extracted,not_extracted,not_extracted,not_extracted,not_extracted,not_extracted,not_extracted,not_extracted,not_extracted,not_extracted,not_extracted,not_extracted,not_extracted,not_extracted,not_extracted,indirect_discovery_metadata,pending,OpenAlex discovery hit; requires primary-source verification
W3107779832,A Review of Electric Vehicle Load Open Data and Models,2021,Energies,article,candidate_unverified,implementation,Q21,9,Yvenn Amara-Ouali; Yannig Goude; Pascal Massart; Jean‐Michel Poggi; Hui Yan,https://doi.org/10.3390/en14082233,https://doi.org/10.3390/en14082233,118,gold,not_extracted,not_extracted,not_extracted,not_extracted,not_extracted,not_extracted,not_extracted,not_extracted,not_extracted,not_extracted,not_extracted,not_extracted,not_extracted,not_extracted,not_extracted,indirect_discovery_metadata,pending,OpenAlex discovery hit; requires primary-source verification
W2792450155,Robust Malware Detection for Internet of (Battlefield) Things Devices Using Deep Eigenspace Learning,2018,IEEE Transactions on Sustainable Computing,article,candidate_unverified,implementation,Q21,10,Amin Azmoodeh; Ali Dehghantanha; Kim‐Kwang Raymond Choo,https://doi.org/10.1109/tsusc.2018.2809665,https://doi.org/10.1109/tsusc.2018.2809665,379,green,not_extracted,not_extracted,not_extracted,not_extracted,not_extracted,not_extracted,not_extracted,not_extracted,not_extracted,not_extracted,not_extracted,not_extracted,not_extracted,not_extracted,not_extracted,indirect_discovery_metadata,pending,OpenAlex discovery hit; requires primary-source verification
W4242918116,Data Feminism,2020,The MIT Press eBooks,book,candidate_unverified,implementation,Q21,11,Catherine D’Ignazio; Lauren Klein,https://doi.org/10.7551/mitpress/11805.001.0001,https://doi.org/10.7551/mitpress/11805.001.0001,1573,hybrid,not_extracted,not_extracted,not_extracted,not_extracted,not_extracted,not_extracted,not_extracted,not_extracted,not_extracted,not_extracted,not_extracted,not_extracted,not_extracted,not_extracted,not_extracted,indirect_discovery_metadata,pending,OpenAlex discovery hit; requires primary-source verification
W3036422000,A Survey of COVID-19 Contact Tracing Apps,2020,IEEE Access,article,candidate_unverified,implementation,Q21,12,Nadeem Ahmed; Regio A. Michelin; Wanli Xue; Sushmita Ruj; Robert Malaney; Salil S. Kanhere; Aruna Seneviratne; Wen Hu,https://doi.org/10.1109/access.2020.3010226,https://doi.org/10.1109/access.2020.3010226,601,gold,not_extracted,not_extracted,not_extracted,not_extracted,not_extracted,not_extracted,not_extracted,not_extracted,not_extracted,not_extracted,not_extracted,not_extracted,not_extracted,not_extracted,not_extracted,indirect_discovery_metadata,pending,OpenAlex discovery hit; requires primary-source verification
W3170539225,"Towards data-driven energy communities: A review of open-source datasets, models and tools",2021,Renewable and Sustainable Energy Reviews,article,candidate_unverified,implementation,Q21,13,Hussain Kazmi; Íngrid Munné‐Collado; Fahad Mehmood; Tahir Abbas Syed; Johan Driesen,https://doi.org/10.1016/j.rser.2021.111290,https://doi.org/10.1016/j.rser.2021.111290,101,green,not_extracted,not_extracted,not_extracted,not_extracted,not_extracted,not_extracted,not_extracted,not_extracted,not_extracted,not_extracted,not_extracted,not_extracted,not_extracted,not_extracted,not_extracted,indirect_discovery_metadata,pending,OpenAlex discovery hit; requires primary-source verification
W4393318686,A unified dataset for the city-scale traffic assignment model in 20 U.S. cities,2024,Scientific Data,data-paper,candidate_unverified,implementation,Q21,14,Xiaotong Xu; Zhenjie Zheng; Zijian Hu; Kairui Feng; Wei Ma,https://doi.org/10.1038/s41597-024-03149-8,https://doi.org/10.1038/s41597-024-03149-8,19,gold,not_extracted,not_extracted,not_extracted,not_extracted,not_extracted,not_extracted,not_extracted,not_extracted,not_extracted,not_extracted,not_extracted,not_extracted,not_extracted,not_extracted,not_extracted,indirect_discovery_metadata,pending,OpenAlex discovery hit; requires primary-source verification
W2788306563,Building accountability into the Internet of Things: the IoT Databox model,2018,Journal of Reliable Intelligent Environments,article,candidate_unverified,implementation,Q21,15,Andy Crabtree; Tom Lodge; James Colley; Chris Greenhalgh; Kevin Glover; Hamed Haddadi; Yousef Amar; Richard Mortier,https://doi.org/10.1007/s40860-018-0054-5,https://doi.org/10.1007/s40860-018-0054-5,115,hybrid,not_extracted,not_extracted,not_extracted,not_extracted,not_extracted,not_extracted,not_extracted,not_extracted,not_extracted,not_extracted,not_extracted,not_extracted,not_extracted,not_extracted,not_extracted,indirect_discovery_metadata,pending,OpenAlex discovery hit; requires primary-source verification
W4377289660,A Virtual Simulation-Pilot Agent for Training of Air Traffic Controllers,2023,Aerospace,article,candidate_unverified,implementation,Q21,16,Juan Zuluaga-Gómez; Amrutha Prasad; Iuliia Nigmatulina; Petr Motlíček; Matthias Kleinert,https://doi.org/10.3390/aerospace10050490,https://doi.org/10.3390/aerospace10050490,31,gold,not_extracted,not_extracted,not_extracted,not_extracted,not_extracted,not_extracted,not_extracted,not_extracted,not_extracted,not_extracted,not_extracted,not_extracted,not_extracted,not_extracted,not_extracted,indirect_discovery_metadata,pending,OpenAlex discovery hit; requires primary-source verification
W2946045677,Veins: The Open Source Vehicular Network Simulation Framework,2019,EAI/Springer Innovations in Communication and Computing,book-chapter,candidate_unverified,implementation,Q21,17,Christoph Sommer; David Eckhoff; Alexander Brummer; Dominik S. Buse; Florian Hagenauer; Stefan Joerer; Michele Segata,https://doi.org/10.1007/978-3-030-12842-5_6,https://doi.org/10.1007/978-3-030-12842-5_6,223,green,not_extracted,not_extracted,not_extracted,not_extracted,not_extracted,not_extracted,not_extracted,not_extracted,not_extracted,not_extracted,not_extracted,not_extracted,not_extracted,not_extracted,not_extracted,indirect_discovery_metadata,pending,OpenAlex discovery hit; requires primary-source verification
W4380993261,LargeST: A Benchmark Dataset for Large-Scale Traffic Forecasting,2023,arXiv (Cornell University),preprint,candidate_unverified,implementation,Q21,18,Xu Liu; Yutong Xia; Yuxuan Liang; Junfeng Hu; Yiwei Wang; Lei Bai; Chao Huang; Zhenguang Liu,https://doi.org/10.48550/arxiv.2306.08259,http://arxiv.org/abs/2306.08259,22,green,not_extracted,not_extracted,not_extracted,not_extracted,not_extracted,not_extracted,not_extracted,not_extracted,not_extracted,not_extracted,not_extracted,not_extracted,not_extracted,not_extracted,not_extracted,indirect_discovery_metadata,pending,OpenAlex discovery hit; requires primary-source verification
W4390854030,Graph autoencoder with mirror temporal convolutional networks for traffic anomaly detection,2024,Scientific Reports,article,candidate_unverified,implementation,Q21,19,Zhiyu Ren; Xiaojie Li; Jing Peng; Ken Chen; Qushan Tan; Xi Wu; Canghong Shi,https://doi.org/10.1038/s41598-024-51374-3,https://doi.org/10.1038/s41598-024-51374-3,30,gold,not_extracted,not_extracted,not_extracted,not_extracted,not_extracted,not_extracted,not_extracted,not_extracted,not_extracted,not_extracted,not_extracted,not_extracted,not_extracted,not_extracted,not_extracted,indirect_discovery_metadata,pending,OpenAlex discovery hit; requires primary-source verification
W4387823128,Lessons Learned in Transcribing 5000 h of Air Traffic Control Communications for Robust Automatic Speech Understanding,2023,Aerospace,article,candidate_unverified,implementation,Q21,20,Juan Zuluaga-Gómez; Iuliia Nigmatulina; Amrutha Prasad; Petr Motlíček; Driss Khalil; Srikanth Madikeri; Allan Tart; Igor Szöke,https://doi.org/10.3390/aerospace10100898,https://doi.org/10.3390/aerospace10100898,20,gold,not_extracted,not_extracted,not_extracted,not_extracted,not_extracted,not_extracted,not_extracted,not_extracted,not_extracted,not_extracted,not_extracted,not_extracted,not_extracted,not_extracted,not_extracted,indirect_discovery_metadata,pending,OpenAlex discovery hit; requires primary-source verification
W3187521827,The 1090 Megahertz riddle: A guide to decoding mode S and ADS-B signals: Second edition,2021,not_extracted,article,candidate_unverified,implementation,Q21,21,Junzi Sun,https://doi.org/10.34641/mg.11,https://doi.org/10.34641/mg.11,62,green,not_extracted,not_extracted,not_extracted,not_extracted,not_extracted,not_extracted,not_extracted,not_extracted,not_extracted,not_extracted,not_extracted,not_extracted,not_extracted,not_extracted,not_extracted,indirect_discovery_metadata,pending,OpenAlex discovery hit; requires primary-source verification
W3034560014,Artificial Intelligence and COVID-19: Deep Learning Approaches for Diagnosis and Treatment,2020,IEEE Access,article,candidate_unverified,implementation,Q21,22,Mohammad Jamshidi; Ali Lalbakhsh; Jakub Talla; Zdeněk Peroutka; Farimah Hadjilooei; Pedram Lalbakhsh; Morteza Jamshidi; Luigi La Spada,https://doi.org/10.1109/access.2020.3001973,https://doi.org/10.1109/access.2020.3001973,556,gold,not_extracted,not_extracted,not_extracted,not_extracted,not_extracted,not_extracted,not_extracted,not_extracted,not_extracted,not_extracted,not_extracted,not_extracted,not_extracted,not_extracted,not_extracted,indirect_discovery_metadata,pending,OpenAlex discovery hit; requires primary-source verification
W4321781609,One schema to rule them all: How Schema.org models the world of search,2023,Journal of the Association for Information Science and Technology,article,candidate_unverified,implementation,Q21,23,Andrew Iliadis; Amelia Acker; Wesley M. Stevens; Sezgi Başak Kavaklı,https://doi.org/10.1002/asi.24744,https://doi.org/10.1002/asi.24744,23,hybrid,not_extracted,not_extracted,not_extracted,not_extracted,not_extracted,not_extracted,not_extracted,not_extracted,not_extracted,not_extracted,not_extracted,not_extracted,not_extracted,not_extracted,not_extracted,indirect_discovery_metadata,pending,OpenAlex discovery hit; requires primary-source verification
W3178506526,Estimating Vehicle and Pedestrian Activity from Town and City Traffic Cameras,2021,Sensors,article,candidate_unverified,implementation,Q21,24,Li Chen; Ian J. Grimstead; Daniel Bell; Joni Karanka; Laura Dimond; Philip James; Luke Smith; Alistair Edwardes,https://doi.org/10.3390/s21134564,https://doi.org/10.3390/s21134564,27,gold,not_extracted,not_extracted,not_extracted,not_extracted,not_extracted,not_extracted,not_extracted,not_extracted,not_extracted,not_extracted,not_extracted,not_extracted,not_extracted,not_extracted,not_extracted,indirect_discovery_metadata,pending,OpenAlex discovery hit; requires primary-source verification
W4318777819,Deep Learning-Based Real-Time Traffic Sign Recognition System for Urban Environments,2023,Infrastructures,article,candidate_unverified,implementation,Q21,25,Chang-Il Kim; Jinuk Park; Yongju Park; Woo-Jin Jung; Yongseok Lim,https://doi.org/10.3390/infrastructures8020020,https://doi.org/10.3390/infrastructures8020020,22,gold,not_extracted,not_extracted,not_extracted,not_extracted,not_extracted,not_extracted,not_extracted,not_extracted,not_extracted,not_extracted,not_extracted,not_extracted,not_extracted,not_extracted,not_extracted,indirect_discovery_metadata,pending,OpenAlex discovery hit; requires primary-source verification
W4366091323,"Deep learning modelling techniques: current progress, applications, advantages, and challenges",2023,Artificial Intelligence Review,article,candidate_unverified,negative,Q22,1,Shams Forruque Ahmed; Md. Sakib Bin Alam; Maruf Hassan; Mahtabin Rodela Rozbu; Taoseef Ishtiak; Nazifa Rafa; M. Mofijur; A. B. M. Shawkat Ali,https://doi.org/10.1007/s10462-023-10466-8,https://doi.org/10.1007/s10462-023-10466-8,1020,hybrid,not_extracted,not_extracted,not_extracted,not_extracted,not_extracted,not_extracted,not_extracted,not_extracted,not_extracted,not_extracted,not_extracted,not_extracted,not_extracted,not_extracted,not_extracted,indirect_discovery_metadata,pending,OpenAlex discovery hit; requires primary-source verification
W4393065402,A survey on large language model based autonomous agents,2024,Frontiers of Computer Science,article,candidate_unverified,negative,Q22,2,Lei Wang; Chen Ma; Xueyang Feng; Zeyu Zhang; Hao Yang; Jingsen Zhang; Zhiyuan Chen; Jiakai Tang,https://doi.org/10.1007/s11704-024-40231-1,https://doi.org/10.1007/s11704-024-40231-1,1378,hybrid,not_extracted,not_extracted,not_extracted,not_extracted,not_extracted,not_extracted,not_extracted,not_extracted,not_extracted,not_extracted,not_extracted,not_extracted,not_extracted,not_extracted,not_extracted,indirect_discovery_metadata,pending,OpenAlex discovery hit; requires primary-source verification
W3102100346,"A review of uncertainty quantification in deep learning: Techniques, applications and challenges",2021,Information Fusion,article,candidate_unverified,negative,Q22,3,Moloud Abdar; Farhad Pourpanah; Sadiq Hussain; Dana Rezazadegan; Li Liu; Mohammad Ghavamzadeh; Paul Fieguth; Xiaochun Cao,https://doi.org/10.1016/j.inffus.2021.05.008,https://doi.org/10.1016/j.inffus.2021.05.008,2562,hybrid,not_extracted,not_extracted,not_extracted,not_extracted,not_extracted,not_extracted,not_extracted,not_extracted,not_extracted,not_extracted,not_extracted,not_extracted,not_extracted,not_extracted,not_extracted,indirect_discovery_metadata,pending,OpenAlex discovery hit; requires primary-source verification
W3126787811,A Review of Traffic Congestion Prediction Using Artificial Intelligence,2021,Journal of Advanced Transportation,article,candidate_unverified,negative,Q22,4,Mahmuda Akhtar; Sara Moridpour,https://doi.org/10.1155/2021/8878011,https://doi.org/10.1155/2021/8878011,284,gold,not_extracted,not_extracted,not_extracted,not_extracted,not_extracted,not_extracted,not_extracted,not_extracted,not_extracted,not_extracted,not_extracted,not_extracted,not_extracted,not_extracted,not_extracted,indirect_discovery_metadata,pending,OpenAlex discovery hit; requires primary-source verification
W4389636360,Can Large Language Models Transform Computational Social Science?,2023,Computational Linguistics,article,candidate_unverified,negative,Q22,5,Caleb Ziems; William A. Held; Omar Ahmed Shaikh; Jiaao Chen; Zhehao Zhang; Diyi Yang,https://doi.org/10.1162/coli_a_00502,https://doi.org/10.1162/coli_a_00502,464,diamond,not_extracted,not_extracted,not_extracted,not_extracted,not_extracted,not_extracted,not_extracted,not_extracted,not_extracted,not_extracted,not_extracted,not_extracted,not_extracted,not_extracted,not_extracted,indirect_discovery_metadata,pending,OpenAlex discovery hit; requires primary-source verification
W3086436251,HOTA: A Higher Order Metric for Evaluating Multi-object Tracking,2020,International Journal of Computer Vision,article,candidate_unverified,negative,Q22,6,Jonathon Luiten; Aljos̆a Os̆ep; Patrick Dendorfer; Philip Torr; Andreas Geiger; Laura Leal-Taixé; Bastian Leibe,https://doi.org/10.1007/s11263-020-01375-2,https://doi.org/10.1007/s11263-020-01375-2,1070,hybrid,not_extracted,not_extracted,not_extracted,not_extracted,not_extracted,not_extracted,not_extracted,not_extracted,not_extracted,not_extracted,not_extracted,not_extracted,not_extracted,not_extracted,not_extracted,indirect_discovery_metadata,pending,OpenAlex discovery hit; requires primary-source verification
W3101981467,A Survey on the Explainability of Supervised Machine Learning,2021,Journal of Artificial Intelligence Research,article,candidate_unverified,negative,Q22,7,Nadia Burkart; Marco F. Huber,https://doi.org/10.1613/jair.1.12228,https://doi.org/10.1613/jair.1.12228,970,diamond,not_extracted,not_extracted,not_extracted,not_extracted,not_extracted,not_extracted,not_extracted,not_extracted,not_extracted,not_extracted,not_extracted,not_extracted,not_extracted,not_extracted,not_extracted,indirect_discovery_metadata,pending,OpenAlex discovery hit; requires primary-source verification
W2793731180,Prediction complements explanation in understanding the developing brain,2018,Nature Communications,article,candidate_unverified,negative,Q22,8,Monica D. Rosenberg; B. J. Casey; Avram J. Holmes,https://doi.org/10.1038/s41467-018-02887-9,https://doi.org/10.1038/s41467-018-02887-9,203,gold,not_extracted,not_extracted,not_extracted,not_extracted,not_extracted,not_extracted,not_extracted,not_extracted,not_extracted,not_extracted,not_extracted,not_extracted,not_extracted,not_extracted,not_extracted,indirect_discovery_metadata,pending,OpenAlex discovery hit; requires primary-source verification
W4327810158,GPT-4 Technical Report,2023,arXiv (Cornell University),preprint,candidate_unverified,negative,Q22,9,"OpenAI; Achiam, Josh; Adler, Steven; Agarwal, Sandhini; Ahmad, Lama; Akkaya, Ilge; Aleman, Florencia Leoni; Almeida, Diogo",https://doi.org/10.4230/lipics.cosit.2024.11,http://arxiv.org/abs/2303.08774,2447,green,not_extracted,not_extracted,not_extracted,not_extracted,not_extracted,not_extracted,not_extracted,not_extracted,not_extracted,not_extracted,not_extracted,not_extracted,not_extracted,not_extracted,not_extracted,indirect_discovery_metadata,pending,OpenAlex discovery hit; requires primary-source verification
W3004841653,CoMPARA: Collaborative Modeling Project for Androgen Receptor Activity,2020,Environmental Health Perspectives,article,candidate_unverified,negative,Q22,10,Kamel Mansouri; Nicole Kleinstreuer; Ahmed M. Abdelaziz; Domenico Alberga; Vinícius M. Alves; Patrik L. Andersson; Carolina Horta Andrade; Fang Bai,https://doi.org/10.1289/ehp5580,https://doi.org/10.1289/ehp5580,215,diamond,not_extracted,not_extracted,not_extracted,not_extracted,not_extracted,not_extracted,not_extracted,not_extracted,not_extracted,not_extracted,not_extracted,not_extracted,not_extracted,not_extracted,not_extracted,indirect_discovery_metadata,pending,OpenAlex discovery hit; requires primary-source verification
W3197891388,Sensor impacts on building and HVAC controls: A critical review for building energy performance,2021,Advances in Applied Energy,article,candidate_unverified,negative,Q22,11,Yeonjin Bae; Saptarshi Bhattacharya; Borui Cui; Seungjae Lee; Yanfei Li; Liang Zhang; Piljae Im; Veronica Adetola,https://doi.org/10.1016/j.adapen.2021.100068,https://doi.org/10.1016/j.adapen.2021.100068,152,gold,not_extracted,not_extracted,not_extracted,not_extracted,not_extracted,not_extracted,not_extracted,not_extracted,not_extracted,not_extracted,not_extracted,not_extracted,not_extracted,not_extracted,not_extracted,indirect_discovery_metadata,pending,OpenAlex discovery hit; requires primary-source verification
W4288039037,Scientific Machine Learning Through Physics–Informed Neural Networks: Where we are and What’s Next,2022,Journal of Scientific Computing,article,candidate_unverified,negative,Q22,12,Salvatore Cuomo; Vincenzo Schiano Di Cola; Fabio Giampaolo; Gianluigi Rozza; Maziar Raissi; Francesco Piccialli,https://doi.org/10.1007/s10915-022-01939-z,https://doi.org/10.1007/s10915-022-01939-z,2512,hybrid,not_extracted,not_extracted,not_extracted,not_extracted,not_extracted,not_extracted,not_extracted,not_extracted,not_extracted,not_extracted,not_extracted,not_extracted,not_extracted,not_extracted,not_extracted,indirect_discovery_metadata,pending,OpenAlex discovery hit; requires primary-source verification
W2794345050,A review of classification algorithms for EEG-based brain–computer interfaces: a 10 year update,2018,Journal of Neural Engineering,article,candidate_unverified,negative,Q22,13,Fabien Lotte; Laurent Bougrain; Andrzej Cichocki; Maureen Clerc; Marco Congedo; Alain Rakotomamonjy; Florian Yger,https://doi.org/10.1088/1741-2552/aab2f2,https://doi.org/10.1088/1741-2552/aab2f2,2193,bronze,not_extracted,not_extracted,not_extracted,not_extracted,not_extracted,not_extracted,not_extracted,not_extracted,not_extracted,not_extracted,not_extracted,not_extracted,not_extracted,not_extracted,not_extracted,indirect_discovery_metadata,pending,OpenAlex discovery hit; requires primary-source verification
W3047057232,Image Matching from Handcrafted to Deep Features: A Survey,2020,International Journal of Computer Vision,article,candidate_unverified,negative,Q22,14,Jiayi Ma; Xingyu Jiang; Aoxiang Fan; Junjun Jiang; Junchi Yan,https://doi.org/10.1007/s11263-020-01359-2,https://doi.org/10.1007/s11263-020-01359-2,978,hybrid,not_extracted,not_extracted,not_extracted,not_extracted,not_extracted,not_extracted,not_extracted,not_extracted,not_extracted,not_extracted,not_extracted,not_extracted,not_extracted,not_extracted,not_extracted,indirect_discovery_metadata,pending,OpenAlex discovery hit; requires primary-source verification
W3207642814,Prognostics and Health Management (PHM): Where are we and where do we (need to) go in theory and practice,2021,Reliability Engineering & System Safety,article,candidate_unverified,negative,Q22,15,Enrico Zio,https://doi.org/10.1016/j.ress.2021.108119,https://doi.org/10.1016/j.ress.2021.108119,684,bronze,not_extracted,not_extracted,not_extracted,not_extracted,not_extracted,not_extracted,not_extracted,not_extracted,not_extracted,not_extracted,not_extracted,not_extracted,not_extracted,not_extracted,not_extracted,indirect_discovery_metadata,pending,OpenAlex discovery hit; requires primary-source verification
W3037105506,Scientists' warning on invasive alien species,2020,Biological reviews/Biological reviews of the Cambridge Philosophical Society,article,candidate_unverified,negative,Q22,16,Petr Pyšek; Philip E. Hulme; Daniel Simberloff; Sven Bacher; Tim M. Blackburn; James T. Carlton; Wayne Dawson; Franz Essl,https://doi.org/10.1111/brv.12627,https://doi.org/10.1111/brv.12627,2201,hybrid,not_extracted,not_extracted,not_extracted,not_extracted,not_extracted,not_extracted,not_extracted,not_extracted,not_extracted,not_extracted,not_extracted,not_extracted,not_extracted,not_extracted,not_extracted,indirect_discovery_metadata,pending,OpenAlex discovery hit; requires primary-source verification
W4395672944,Explainable Learning Analytics: Assessing the stability of student success prediction models by means of explainable AI,2024,Decision Support Systems,article,candidate_unverified,negative,Q22,17,Elena Tiukhova; Pavani Vemuri; Nidia López Flores; Anna Sigríður Íslind; María Óskarsdóttir; Stephan Poelmans; Bart Baesens; Monique Snoeck,https://doi.org/10.1016/j.dss.2024.114229,https://doi.org/10.1016/j.dss.2024.114229,61,green,not_extracted,not_extracted,not_extracted,not_extracted,not_extracted,not_extracted,not_extracted,not_extracted,not_extracted,not_extracted,not_extracted,not_extracted,not_extracted,not_extracted,not_extracted,indirect_discovery_metadata,pending,OpenAlex discovery hit; requires primary-source verification
W4300862731,"Computational systems biology in disease modeling and control, review and perspectives",2022,npj Systems Biology and Applications,article,candidate_unverified,negative,Q22,18,Rongting Yue; Abhishek Dutta,https://doi.org/10.1038/s41540-022-00247-4,https://doi.org/10.1038/s41540-022-00247-4,84,gold,not_extracted,not_extracted,not_extracted,not_extracted,not_extracted,not_extracted,not_extracted,not_extracted,not_extracted,not_extracted,not_extracted,not_extracted,not_extracted,not_extracted,not_extracted,indirect_discovery_metadata,pending,OpenAlex discovery hit; requires primary-source verification
W4320920782,Deep learning methods for drug response prediction in cancer: Predominant and emerging trends,2023,Frontiers in Medicine,article,candidate_unverified,negative,Q22,19,Alexander Partin; Thomas Brettin; Yitan Zhu; Oleksandr Narykov; Austin Clyde; Jamie Overbeek; Rick Stevens,https://doi.org/10.3389/fmed.2023.1086097,https://doi.org/10.3389/fmed.2023.1086097,138,gold,not_extracted,not_extracted,not_extracted,not_extracted,not_extracted,not_extracted,not_extracted,not_extracted,not_extracted,not_extracted,not_extracted,not_extracted,not_extracted,not_extracted,not_extracted,indirect_discovery_metadata,pending,OpenAlex discovery hit; requires primary-source verification
W2972721601,"Groundwater Recharge Prediction Using Linear Regression, Multi-Layer Perception Network, and Deep Learning",2019,Water,article,candidate_unverified,negative,Q22,20,Xin Huang; Lei Gao; Russell S. Crosbie; Nan Zhang; Guobin Fu; Rebecca Doble,https://doi.org/10.3390/w11091879,https://doi.org/10.3390/w11091879,120,gold,not_extracted,not_extracted,not_extracted,not_extracted,not_extracted,not_extracted,not_extracted,not_extracted,not_extracted,not_extracted,not_extracted,not_extracted,not_extracted,not_extracted,not_extracted,indirect_discovery_metadata,pending,OpenAlex discovery hit; requires primary-source verification
W3158507782,CATMoS: Collaborative Acute Toxicity Modeling Suite,2021,Environmental Health Perspectives,article,candidate_unverified,negative,Q22,21,Kamel Mansouri; Agnes L. Karmaus; Jeremy Fitzpatrick; Grace Patlewicz; Prachi Pradeep; Domenico Alberga; Nathalie Alépée; Timothy E. H. Allen,https://doi.org/10.1289/ehp8495,https://doi.org/10.1289/ehp8495,145,diamond,not_extracted,not_extracted,not_extracted,not_extracted,not_extracted,not_extracted,not_extracted,not_extracted,not_extracted,not_extracted,not_extracted,not_extracted,not_extracted,not_extracted,not_extracted,indirect_discovery_metadata,pending,OpenAlex discovery hit; requires primary-source verification
W3043471286,Prediction of breeding regions for the desert locust Schistocerca gregaria in East Africa,2020,Scientific Reports,article,candidate_unverified,negative,Q22,22,Emily Kimathi; Henri E. Z. Tonnang; Sevgan Subramanian; Keith Cressman; Elfatih M. Abdel‐Rahman; Mehari Tesfayohannes; Saliou Niassy; Baldwyn Torto,https://doi.org/10.1038/s41598-020-68895-2,https://doi.org/10.1038/s41598-020-68895-2,117,gold,not_extracted,not_extracted,not_extracted,not_extracted,not_extracted,not_extracted,not_extracted,not_extracted,not_extracted,not_extracted,not_extracted,not_extracted,not_extracted,not_extracted,not_extracted,indirect_discovery_metadata,pending,OpenAlex discovery hit; requires primary-source verification
W4388585881,"A Survey on Hallucination in Large Language Models: Principles, Taxonomy, Challenges, and Open Questions",2023,arXiv (Cornell University),preprint,candidate_unverified,negative,Q22,23,Lei Huang; Weijiang Yu; Weitao Ma; Wei‐Hong Zhong; Zhangyin Feng; Haotian Wang; Qianglong Chen; Weihua Peng,https://doi.org/10.48550/arxiv.2311.05232,http://arxiv.org/abs/2311.05232,218,green,not_extracted,not_extracted,not_extracted,not_extracted,not_extracted,not_extracted,not_extracted,not_extracted,not_extracted,not_extracted,not_extracted,not_extracted,not_extracted,not_extracted,not_extracted,indirect_discovery_metadata,pending,OpenAlex discovery hit; requires primary-source verification
W2897154134,Fairness and Abstraction in Sociotechnical Systems,2019,not_extracted,conference-paper,candidate_unverified,negative,Q22,24,Andrew D. Selbst; danah boyd; Sorelle A. Friedler; Suresh Venkatasubramanian; Janet Vertesi,https://doi.org/10.1145/3287560.3287598,https://doi.org/10.1145/3287560.3287598,1419,gold,not_extracted,not_extracted,not_extracted,not_extracted,not_extracted,not_extracted,not_extracted,not_extracted,not_extracted,not_extracted,not_extracted,not_extracted,not_extracted,not_extracted,not_extracted,indirect_discovery_metadata,pending,OpenAlex discovery hit; requires primary-source verification
W4367693817,Mechanistic models project bird invasions with accuracy,2023,Nature Communications,article,candidate_unverified,negative,Q22,25,Diederik Strubbe; Laura Jiménez; A. Márcia Barbosa; Amy J.S. Davis; Luc Lens; Carsten Rahbek,https://doi.org/10.1038/s41467-023-38329-4,https://doi.org/10.1038/s41467-023-38329-4,35,gold,not_extracted,not_extracted,not_extracted,not_extracted,not_extracted,not_extracted,not_extracted,not_extracted,not_extracted,not_extracted,not_extracted,not_extracted,not_extracted,not_extracted,not_extracted,indirect_discovery_metadata,pending,OpenAlex discovery hit; requires primary-source verification
W2767050701,Sim-to-Real Transfer of Robotic Control with Dynamics Randomization,2018,not_extracted,conference-paper,candidate_unverified,negative,Q23,1,Xue Bin Peng; Marcin Andrychowicz; Wojciech Zaremba; Pieter Abbeel,https://doi.org/10.1109/icra.2018.8460528,https://doi.org/10.1109/icra.2018.8460528,822,green,not_extracted,not_extracted,not_extracted,not_extracted,not_extracted,not_extracted,not_extracted,not_extracted,not_extracted,not_extracted,not_extracted,not_extracted,not_extracted,not_extracted,not_extracted,indirect_discovery_metadata,pending,OpenAlex discovery hit; requires primary-source verification
W4362515116,A Survey of Large Language Models,2026,Frontiers of Computer Science,article,candidate_unverified,negative,Q23,2,Wayne Xin Zhao; Kun Zhou; Junyi Li; Tianyi Tang; Zican Dong; Yupeng Hou; Beichen Zhang; Yingqian Min,https://doi.org/10.1007/s11704-026-60308-3,https://doi.org/10.1007/s11704-026-60308-3,1465,hybrid,not_extracted,not_extracted,not_extracted,not_extracted,not_extracted,not_extracted,not_extracted,not_extracted,not_extracted,not_extracted,not_extracted,not_extracted,not_extracted,not_extracted,not_extracted,indirect_discovery_metadata,pending,OpenAlex discovery hit; requires primary-source verification
W2900152462,Learning Latent Dynamics for Planning from Pixels,2018,arXiv (Cornell University),preprint,candidate_unverified,negative,Q23,3,Danijar Hafner; Timothy Lillicrap; Ian Fischer; Ruben Villegas; David Ha; Honglak Lee; James Davidson,https://doi.org/10.48550/arxiv.1811.04551,http://arxiv.org/abs/1811.04551,366,green,not_extracted,not_extracted,not_extracted,not_extracted,not_extracted,not_extracted,not_extracted,not_extracted,not_extracted,not_extracted,not_extracted,not_extracted,not_extracted,not_extracted,not_extracted,indirect_discovery_metadata,pending,OpenAlex discovery hit; requires primary-source verification
W2906340543,Internal Models in Biological Control,2019,Annual Review of Control Robotics and Autonomous Systems,article,candidate_unverified,negative,Q23,4,Daniel McNamee; Daniel M. Wolpert,https://doi.org/10.1146/annurev-control-060117-105206,https://doi.org/10.1146/annurev-control-060117-105206,249,bronze,not_extracted,not_extracted,not_extracted,not_extracted,not_extracted,not_extracted,not_extracted,not_extracted,not_extracted,not_extracted,not_extracted,not_extracted,not_extracted,not_extracted,not_extracted,indirect_discovery_metadata,pending,OpenAlex discovery hit; requires primary-source verification
W2995022099,Advances and Open Problems in Federated Learning,2020,Foundations and Trends® in Machine Learning,article,candidate_unverified,negative,Q23,5,Peter Kairouz; H. Brendan McMahan; Brendan Avent; Aurélien Bellet; Mehdi Bennis; Arjun Nitin Bhagoji; Kallista Bonawitz; Zachary Charles,https://doi.org/10.1561/2200000083,https://doi.org/10.1561/2200000083,5113,green,not_extracted,not_extracted,not_extracted,not_extracted,not_extracted,not_extracted,not_extracted,not_extracted,not_extracted,not_extracted,not_extracted,not_extracted,not_extracted,not_extracted,not_extracted,indirect_discovery_metadata,pending,OpenAlex discovery hit; requires primary-source verification
W4283219895,Differentiable predictive control: Deep learning alternative to explicit model predictive control for unknown nonlinear systems,2022,Journal of Process Control,article,candidate_unverified,negative,Q23,6,Ján Drgoňa; Karol Kiš; Aaron Tuor; Draguna Vrabie; Martin Klaučo,https://doi.org/10.1016/j.jprocont.2022.06.001,https://doi.org/10.1016/j.jprocont.2022.06.001,73,hybrid,not_extracted,not_extracted,not_extracted,not_extracted,not_extracted,not_extracted,not_extracted,not_extracted,not_extracted,not_extracted,not_extracted,not_extracted,not_extracted,not_extracted,not_extracted,indirect_discovery_metadata,pending,OpenAlex discovery hit; requires primary-source verification
W2805762288,Deep Reinforcement Learning in a Handful of Trials using Probabilistic Dynamics Models,2018,arXiv (Cornell University),preprint,candidate_unverified,negative,Q23,7,Kurtland Chua; Roberto Calandra; Rowan McAllister; Sergey Levine,https://doi.org/10.48550/arxiv.1805.12114,http://arxiv.org/abs/1805.12114,185,green,not_extracted,not_extracted,not_extracted,not_extracted,not_extracted,not_extracted,not_extracted,not_extracted,not_extracted,not_extracted,not_extracted,not_extracted,not_extracted,not_extracted,not_extracted,indirect_discovery_metadata,pending,OpenAlex discovery hit; requires primary-source verification
W2938361870,Model-Based Control of Soft Actuators Using Learned Non-linear Discrete-Time Models,2019,Frontiers in Robotics and AI,article,candidate_unverified,negative,Q23,8,Phillip Hyatt; David Wingate; Marc D. Killpack,https://doi.org/10.3389/frobt.2019.00022,https://doi.org/10.3389/frobt.2019.00022,69,gold,not_extracted,not_extracted,not_extracted,not_extracted,not_extracted,not_extracted,not_extracted,not_extracted,not_extracted,not_extracted,not_extracted,not_extracted,not_extracted,not_extracted,not_extracted,indirect_discovery_metadata,pending,OpenAlex discovery hit; requires primary-source verification
W2804072623,Graph networks as learnable physics engines for inference and control,2018,arXiv (Cornell University),preprint,candidate_unverified,negative,Q23,9,Álvaro Sánchez‐González; Nicolas Heess; Jost Tobias Springenberg; Josh Merel; Martin Riedmiller; Raia Hadsell; Peter Battaglia,https://doi.org/10.48550/arxiv.1806.01242,http://arxiv.org/abs/1806.01242,278,green,not_extracted,not_extracted,not_extracted,not_extracted,not_extracted,not_extracted,not_extracted,not_extracted,not_extracted,not_extracted,not_extracted,not_extracted,not_extracted,not_extracted,not_extracted,indirect_discovery_metadata,pending,OpenAlex discovery hit; requires primary-source verification
W3039258510,"VisuoSpatial Foresight for Multi-Step, Multi-Task Fabric Manipulation",2020,not_extracted,conference-paper,candidate_unverified,negative,Q23,10,Ryan Hoque; Daniel Seita; Ashwin Balakrishna; Aditya Ganapathi; Ajay Kumar Tanwani; Nawid Jamali; Katsu Yamane; Soshi Iba,https://doi.org/10.15607/rss.2020.xvi.034,https://doi.org/10.15607/rss.2020.xvi.034,71,gold,not_extracted,not_extracted,not_extracted,not_extracted,not_extracted,not_extracted,not_extracted,not_extracted,not_extracted,not_extracted,not_extracted,not_extracted,not_extracted,not_extracted,not_extracted,indirect_discovery_metadata,pending,OpenAlex discovery hit; requires primary-source verification
W4390841447,Multi-resolution partial differential equations preserved learning framework for spatiotemporal dynamics,2024,Communications Physics,article,candidate_unverified,negative,Q23,11,Xin‐Yang Liu; Min Zhu; Lu Lu; Hao Sun; Jianxun Wang,https://doi.org/10.1038/s42005-024-01521-z,https://doi.org/10.1038/s42005-024-01521-z,66,gold,not_extracted,not_extracted,not_extracted,not_extracted,not_extracted,not_extracted,not_extracted,not_extracted,not_extracted,not_extracted,not_extracted,not_extracted,not_extracted,not_extracted,not_extracted,indirect_discovery_metadata,pending,OpenAlex discovery hit; requires primary-source verification
W2950624398,When to Trust Your Model: Model-Based Policy Optimization,2019,arXiv (Cornell University),preprint,candidate_unverified,negative,Q23,12,Michael Jänner; Justin Fu; Marvin Zhang; Sergey Levine,https://doi.org/10.48550/arxiv.1906.08253,http://arxiv.org/abs/1906.08253,120,green,not_extracted,not_extracted,not_extracted,not_extracted,not_extracted,not_extracted,not_extracted,not_extracted,not_extracted,not_extracted,not_extracted,not_extracted,not_extracted,not_extracted,not_extracted,indirect_discovery_metadata,pending,OpenAlex discovery hit; requires primary-source verification
W4362519817,Multi-Agent Deep Reinforcement Learning for Multi-Robot Applications: A Survey,2023,Sensors,article,candidate_unverified,negative,Q23,13,James Orr; Ayan Dutta,https://doi.org/10.3390/s23073625,https://doi.org/10.3390/s23073625,180,gold,not_extracted,not_extracted,not_extracted,not_extracted,not_extracted,not_extracted,not_extracted,not_extracted,not_extracted,not_extracted,not_extracted,not_extracted,not_extracted,not_extracted,not_extracted,indirect_discovery_metadata,pending,OpenAlex discovery hit; requires primary-source verification
W2743381431,Neural Network Dynamics for Model-Based Deep Reinforcement Learning with Model-Free Fine-Tuning,2018,not_extracted,conference-paper,candidate_unverified,negative,Q23,14,Anusha Nagabandi; Gregory Kahn; Ronald S. Fearing; Sergey Levine,https://doi.org/10.1109/icra.2018.8463189,https://doi.org/10.1109/icra.2018.8463189,68,green,not_extracted,not_extracted,not_extracted,not_extracted,not_extracted,not_extracted,not_extracted,not_extracted,not_extracted,not_extracted,not_extracted,not_extracted,not_extracted,not_extracted,not_extracted,indirect_discovery_metadata,pending,OpenAlex discovery hit; requires primary-source verification
W2907537824,Learning to Walk Via Deep Reinforcement Learning,2019,not_extracted,conference-paper,candidate_unverified,negative,Q23,15,Tuomas Haarnoja; Sehoon Ha; Aurick Zhou; Jie Tan; George Tucker; Sergey Levine,https://doi.org/10.15607/rss.2019.xv.011,https://doi.org/10.15607/rss.2019.xv.011,439,gold,not_extracted,not_extracted,not_extracted,not_extracted,not_extracted,not_extracted,not_extracted,not_extracted,not_extracted,not_extracted,not_extracted,not_extracted,not_extracted,not_extracted,not_extracted,indirect_discovery_metadata,pending,OpenAlex discovery hit; requires primary-source verification
W4391259941,A survey on model-based reinforcement learning,2024,Science China Information Sciences,article,candidate_unverified,negative,Q23,16,Fan-Ming Luo; Tian Xu; Hang Lai; Xionghui Chen; Weinan Zhang; Yang Yu,https://doi.org/10.1007/s11432-022-3696-5,https://doi.org/10.1007/s11432-022-3696-5,117,bronze,not_extracted,not_extracted,not_extracted,not_extracted,not_extracted,not_extracted,not_extracted,not_extracted,not_extracted,not_extracted,not_extracted,not_extracted,not_extracted,not_extracted,not_extracted,indirect_discovery_metadata,pending,OpenAlex discovery hit; requires primary-source verification
W2981030070,Solving Rubik's Cube with a Robot Hand,2019,arXiv (Cornell University),preprint,candidate_unverified,negative,Q23,17,OpenAI; Ilge Akkaya; Marcin Andrychowicz; Maciek Chociej; Mateusz Litwin; Bob McGrew; Arthur J Petron; Alex Paino,https://doi.org/10.48550/arxiv.1910.07113,http://arxiv.org/abs/1910.07113,634,green,not_extracted,not_extracted,not_extracted,not_extracted,not_extracted,not_extracted,not_extracted,not_extracted,not_extracted,not_extracted,not_extracted,not_extracted,not_extracted,not_extracted,not_extracted,indirect_discovery_metadata,pending,OpenAlex discovery hit; requires primary-source verification
W3100366369,An Introduction to Deep Reinforcement Learning,2018,Foundations and Trends® in Machine Learning,article,candidate_unverified,negative,Q23,18,Vincent François-Lavet; Peter Henderson; Riashat Islam; Marc G. Bellemare; Joëlle Pineau,https://doi.org/10.1561/2200000071,https://doi.org/10.1561/2200000071,1277,green,not_extracted,not_extracted,not_extracted,not_extracted,not_extracted,not_extracted,not_extracted,not_extracted,not_extracted,not_extracted,not_extracted,not_extracted,not_extracted,not_extracted,not_extracted,indirect_discovery_metadata,pending,OpenAlex discovery hit; requires primary-source verification
W2954142106,Dynamics-Aware Unsupervised Discovery of Skills,2019,arXiv (Cornell University),preprint,candidate_unverified,negative,Q23,19,Archit Sharma; Shixiang Gu; Sergey Levine; Vikash Kumar; Karol Hausman,https://doi.org/10.48550/arxiv.1907.01657,http://arxiv.org/abs/1907.01657,75,green,not_extracted,not_extracted,not_extracted,not_extracted,not_extracted,not_extracted,not_extracted,not_extracted,not_extracted,not_extracted,not_extracted,not_extracted,not_extracted,not_extracted,not_extracted,indirect_discovery_metadata,pending,OpenAlex discovery hit; requires primary-source verification
W4322490246,Multibody dynamics and control using machine learning,2023,Multibody System Dynamics,article,candidate_unverified,negative,Q23,20,Arash Hashemi; Grzegorz Orzechowski; Aki Mikkola; John McPhee,https://doi.org/10.1007/s11044-023-09884-x,https://doi.org/10.1007/s11044-023-09884-x,55,green,not_extracted,not_extracted,not_extracted,not_extracted,not_extracted,not_extracted,not_extracted,not_extracted,not_extracted,not_extracted,not_extracted,not_extracted,not_extracted,not_extracted,not_extracted,indirect_discovery_metadata,pending,OpenAlex discovery hit; requires primary-source verification
W2922301976,Manipulation by Feel: Touch-Based Control with Deep Predictive Models,2019,arXiv (Cornell University),preprint,candidate_unverified,negative,Q23,21,Stephen Tian; Frederik Ebert; Dinesh Jayaraman; Mayur Mudigonda; Chelsea Finn; Roberto Calandra; Sergey Levine,https://doi.org/10.48550/arxiv.1903.04128,http://arxiv.org/abs/1903.04128,26,green,not_extracted,not_extracted,not_extracted,not_extracted,not_extracted,not_extracted,not_extracted,not_extracted,not_extracted,not_extracted,not_extracted,not_extracted,not_extracted,not_extracted,not_extracted,indirect_discovery_metadata,pending,OpenAlex discovery hit; requires primary-source verification
W4390096887,A Learning-Based Model Predictive Control Strategy for Home Energy Management Systems,2023,IEEE Access,article,candidate_unverified,negative,Q23,22,Wenqi Cai; Shambhuraj Sawant; Dirk Reinhardt; Soroush Rastegarpour; Sébastien Gros,https://doi.org/10.1109/access.2023.3346324,https://doi.org/10.1109/access.2023.3346324,35,gold,not_extracted,not_extracted,not_extracted,not_extracted,not_extracted,not_extracted,not_extracted,not_extracted,not_extracted,not_extracted,not_extracted,not_extracted,not_extracted,not_extracted,not_extracted,indirect_discovery_metadata,pending,OpenAlex discovery hit; requires primary-source verification
W4293581637,Learning differentiable dynamics models for shape control of deformable linear objects,2022,Robotics and Autonomous Systems,article,candidate_unverified,negative,Q23,23,Yuxuan Yang; Johannes A. Stork; Todor Stoyanov,https://doi.org/10.1016/j.robot.2022.104258,https://doi.org/10.1016/j.robot.2022.104258,24,hybrid,not_extracted,not_extracted,not_extracted,not_extracted,not_extracted,not_extracted,not_extracted,not_extracted,not_extracted,not_extracted,not_extracted,not_extracted,not_extracted,not_extracted,not_extracted,indirect_discovery_metadata,pending,OpenAlex discovery hit; requires primary-source verification
W4393423939,Predicting unsteady incompressible fluid dynamics with finite volume informed neural network,2024,Physics of Fluids,article,candidate_unverified,negative,Q23,24,Tianyu Li; Shufan Zou; Xinghua Chang; Laiping Zhang; Xiaogang Deng,https://doi.org/10.1063/5.0197425,https://doi.org/10.1063/5.0197425,34,bronze,not_extracted,not_extracted,not_extracted,not_extracted,not_extracted,not_extracted,not_extracted,not_extracted,not_extracted,not_extracted,not_extracted,not_extracted,not_extracted,not_extracted,not_extracted,indirect_discovery_metadata,pending,OpenAlex discovery hit; requires primary-source verification
W4221131456,Model-based assessment of COVID-19 epidemic dynamics by wastewater analysis,2022,The Science of The Total Environment,article,candidate_unverified,negative,Q23,25,Daniele Proverbio; Françoise Kemp; Stefano Magni; Leslie Ogorzaly; Henry‐Michel Cauchie; Jorge Gonçalves; Alexander Skupin; Atte Aalto,https://doi.org/10.1016/j.scitotenv.2022.154235,https://doi.org/10.1016/j.scitotenv.2022.154235,54,hybrid,not_extracted,not_extracted,not_extracted,not_extracted,not_extracted,not_extracted,not_extracted,not_extracted,not_extracted,not_extracted,not_extracted,not_extracted,not_extracted,not_extracted,not_extracted,indirect_discovery_metadata,pending,OpenAlex discovery hit; requires primary-source verification
W4362640737,Signal propagation in complex networks,2023,Physics Reports,article,candidate_unverified,negative,Q24,1,Peng Ji; Jiachen Ye; Yu Mu; Wei Lin; Yang Tian; Chittaranjan Hens; Matjaž Perc; Yang Tang,https://doi.org/10.1016/j.physrep.2023.03.005,https://doi.org/10.1016/j.physrep.2023.03.005,350,bronze,not_extracted,not_extracted,not_extracted,not_extracted,not_extracted,not_extracted,not_extracted,not_extracted,not_extracted,not_extracted,not_extracted,not_extracted,not_extracted,not_extracted,not_extracted,indirect_discovery_metadata,pending,OpenAlex discovery hit; requires primary-source verification
W4309734258,Traffic prediction using artificial intelligence: Review of recent advances and emerging opportunities,2022,Transportation Research Part C Emerging Technologies,article,candidate_unverified,negative,Q24,2,Maryam Shaygan; Collin Meese; Wanxin Li; Xiaoliang Zhao; Mark Nejad,https://doi.org/10.1016/j.trc.2022.103921,https://doi.org/10.1016/j.trc.2022.103921,245,green,not_extracted,not_extracted,not_extracted,not_extracted,not_extracted,not_extracted,not_extracted,not_extracted,not_extracted,not_extracted,not_extracted,not_extracted,not_extracted,not_extracted,not_extracted,indirect_discovery_metadata,pending,OpenAlex discovery hit; requires primary-source verification
W2963121727,Smart radio environments empowered by reconfigurable AI meta-surfaces: an idea whose time has come,2019,EURASIP Journal on Wireless Communications and Networking,article,candidate_unverified,negative,Q24,3,Marco Di Renzo; Mérouane Debbah; Dinh-Thuy Phan-Huy; Alessio Zappone; Mohamed‐Slim Alouini; Chau Yuen; Vincenzo Sciancalepore; George C. Alexandropoulos,https://doi.org/10.1186/s13638-019-1438-9,https://doi.org/10.1186/s13638-019-1438-9,1827,gold,not_extracted,not_extracted,not_extracted,not_extracted,not_extracted,not_extracted,not_extracted,not_extracted,not_extracted,not_extracted,not_extracted,not_extracted,not_extracted,not_extracted,not_extracted,indirect_discovery_metadata,pending,OpenAlex discovery hit; requires primary-source verification
W4321597926,A Review of Different Components of the Intelligent Traffic Management System (ITMS),2023,Symmetry,article,candidate_unverified,negative,Q24,4,Nikhil Nigam; Dhirendra Pratap Singh; Jaytrilok Choudhary,https://doi.org/10.3390/sym15030583,https://doi.org/10.3390/sym15030583,74,gold,not_extracted,not_extracted,not_extracted,not_extracted,not_extracted,not_extracted,not_extracted,not_extracted,not_extracted,not_extracted,not_extracted,not_extracted,not_extracted,not_extracted,not_extracted,indirect_discovery_metadata,pending,OpenAlex discovery hit; requires primary-source verification
W2964101383,An Overview on Application of Machine Learning Techniques in Optical Networks,2018,IEEE Communications Surveys & Tutorials,article,candidate_unverified,negative,Q24,5,Francesco Musumeci; Cristina Rottondi; Avishek Nag; Irene Macaluso; Darko Zibar; Marco Ruffini; Massimo Tornatore,https://doi.org/10.1109/comst.2018.2880039,https://doi.org/10.1109/comst.2018.2880039,641,green,not_extracted,not_extracted,not_extracted,not_extracted,not_extracted,not_extracted,not_extracted,not_extracted,not_extracted,not_extracted,not_extracted,not_extracted,not_extracted,not_extracted,not_extracted,indirect_discovery_metadata,pending,OpenAlex discovery hit; requires primary-source verification
W4386141924,A Survey of Video Surveillance Systems in Smart City,2023,Electronics,article,candidate_unverified,negative,Q24,6,Yanjinlkham Myagmar-Ochir; Wooseong Kim,https://doi.org/10.3390/electronics12173567,https://doi.org/10.3390/electronics12173567,121,gold,not_extracted,not_extracted,not_extracted,not_extracted,not_extracted,not_extracted,not_extracted,not_extracted,not_extracted,not_extracted,not_extracted,not_extracted,not_extracted,not_extracted,not_extracted,indirect_discovery_metadata,pending,OpenAlex discovery hit; requires primary-source verification
W3003667836,"Digital Twin: Values, Challenges and Enablers From a Modeling Perspective",2020,IEEE Access,article,candidate_unverified,negative,Q24,7,Adil Rasheed; Omer San; Trond Kvamsdal,https://doi.org/10.1109/access.2020.2970143,https://doi.org/10.1109/access.2020.2970143,1791,gold,not_extracted,not_extracted,not_extracted,not_extracted,not_extracted,not_extracted,not_extracted,not_extracted,not_extracted,not_extracted,not_extracted,not_extracted,not_extracted,not_extracted,not_extracted,indirect_discovery_metadata,pending,OpenAlex discovery hit; requires primary-source verification
W2947302552,Smart City System Design,2019,ACM Computing Surveys,article,candidate_unverified,negative,Q24,8,Hadi Habibzadeh; Cem Kaptan; Tolga Soyata; Burak Kantarcı; Azzedine Boukerche,https://doi.org/10.1145/3309545,https://doi.org/10.1145/3309545,82,bronze,not_extracted,not_extracted,not_extracted,not_extracted,not_extracted,not_extracted,not_extracted,not_extracted,not_extracted,not_extracted,not_extracted,not_extracted,not_extracted,not_extracted,not_extracted,indirect_discovery_metadata,pending,OpenAlex discovery hit; requires primary-source verification
W4409315874,Dynamic Traffic Flow Optimization Using Reinforcement Learning and Predictive Analytics: A Sustainable Approach to Improving Urban Mobility in the City of Belgrade,2025,Sustainability,article,candidate_unverified,negative,Q24,9,Volodymyr N. Skoropad; Stevica Deđanski; Vladan Pantović; Zoran Injac; Slađana Vujičić; Marina Jovanović-Milenković; Boris Jevtić; Violeta Lukić-Vujadinović,https://doi.org/10.3390/su17083383,https://doi.org/10.3390/su17083383,31,gold,not_extracted,not_extracted,not_extracted,not_extracted,not_extracted,not_extracted,not_extracted,not_extracted,not_extracted,not_extracted,not_extracted,not_extracted,not_extracted,not_extracted,not_extracted,indirect_discovery_metadata,pending,OpenAlex discovery hit; requires primary-source verification
W4409217692,A survey of reinforcement and deep reinforcement learning for coordination in intelligent traffic light control,2025,Journal Of Big Data,article,candidate_unverified,negative,Q24,10,Aicha Saadi; Noreddine Abghour; Zouhair Chiba; Khalid Moussaid; Saadi Ali,https://doi.org/10.1186/s40537-025-01104-x,https://doi.org/10.1186/s40537-025-01104-x,29,gold,not_extracted,not_extracted,not_extracted,not_extracted,not_extracted,not_extracted,not_extracted,not_extracted,not_extracted,not_extracted,not_extracted,not_extracted,not_extracted,not_extracted,not_extracted,indirect_discovery_metadata,pending,OpenAlex discovery hit; requires primary-source verification
W4410084552,Advances in reinforcement learning for traffic signal control: a review of recent progress,2024,Intelligent Transportation Infrastructure,article,candidate_unverified,negative,Q24,11,Xiao Feng; Jiaming Lu; Lu Li; Wenwen Tu; Chaojing Li,https://doi.org/10.1093/iti/liaf009,https://doi.org/10.1093/iti/liaf009,16,diamond,not_extracted,not_extracted,not_extracted,not_extracted,not_extracted,not_extracted,not_extracted,not_extracted,not_extracted,not_extracted,not_extracted,not_extracted,not_extracted,not_extracted,not_extracted,indirect_discovery_metadata,pending,OpenAlex discovery hit; requires primary-source verification
W4385999933,"Reactive oxygen species, toxicity, oxidative stress, and antioxidants: chronic diseases and aging",2023,Archives of Toxicology,article,candidate_unverified,negative,Q24,12,Klaudia Jomová; Renáta Raptová; Suliman Yousef Alomar; Saleh Alwasel; Eugenie Nepovimová; Kamil Kuča; Marián Valko,https://doi.org/10.1007/s00204-023-03562-9,https://doi.org/10.1007/s00204-023-03562-9,2412,hybrid,not_extracted,not_extracted,not_extracted,not_extracted,not_extracted,not_extracted,not_extracted,not_extracted,not_extracted,not_extracted,not_extracted,not_extracted,not_extracted,not_extracted,not_extracted,indirect_discovery_metadata,pending,OpenAlex discovery hit; requires primary-source verification
W4289520285,Augmented Air Traffic Control System—Artificial Intelligence as Digital Assistance System to Predict Air Traffic Conflicts,2022,AI,article,candidate_unverified,negative,Q24,13,Philipp Ortner; Raphael Steinhöfler; Erich Leitgeb; Holger Flühr,https://doi.org/10.3390/ai3030036,https://doi.org/10.3390/ai3030036,25,gold,not_extracted,not_extracted,not_extracted,not_extracted,not_extracted,not_extracted,not_extracted,not_extracted,not_extracted,not_extracted,not_extracted,not_extracted,not_extracted,not_extracted,not_extracted,indirect_discovery_metadata,pending,OpenAlex discovery hit; requires primary-source verification
W2971289541,Position weighted backpressure intersection control for urban networks,2019,Transportation Research Part B Methodological,article,candidate_unverified,negative,Q24,14,Li Li; Saif Eddin Jabari,https://doi.org/10.1016/j.trb.2019.08.005,https://doi.org/10.1016/j.trb.2019.08.005,95,green,not_extracted,not_extracted,not_extracted,not_extracted,not_extracted,not_extracted,not_extracted,not_extracted,not_extracted,not_extracted,not_extracted,not_extracted,not_extracted,not_extracted,not_extracted,indirect_discovery_metadata,pending,OpenAlex discovery hit; requires primary-source verification
W4286250636,Next-generation energy systems for sustainable smart cities: Roles of transfer learning,2022,Sustainable Cities and Society,article,candidate_unverified,negative,Q24,15,Yassine Himeur; Mariam Elnour; Fodil Fadli; Nader Meskin; Ioan Petri; Yacine Rezgui; Fayçal Bensaali; Abbes Amira,https://doi.org/10.1016/j.scs.2022.104059,https://doi.org/10.1016/j.scs.2022.104059,121,hybrid,not_extracted,not_extracted,not_extracted,not_extracted,not_extracted,not_extracted,not_extracted,not_extracted,not_extracted,not_extracted,not_extracted,not_extracted,not_extracted,not_extracted,not_extracted,indirect_discovery_metadata,pending,OpenAlex discovery hit; requires primary-source verification
W4303983057,Urban resilience and livability performance of European smart cities: A novel machine learning approach,2022,Journal of Cleaner Production,article,candidate_unverified,negative,Q24,16,Adeeb A. Kutty; Tadesse G. Wakjira; Murat Küçükvar; Galal M. Abdella; Nuri C. Onat,https://doi.org/10.1016/j.jclepro.2022.134203,https://doi.org/10.1016/j.jclepro.2022.134203,129,green,not_extracted,not_extracted,not_extracted,not_extracted,not_extracted,not_extracted,not_extracted,not_extracted,not_extracted,not_extracted,not_extracted,not_extracted,not_extracted,not_extracted,not_extracted,indirect_discovery_metadata,pending,OpenAlex discovery hit; requires primary-source verification
W4386498049,Models for forecasting the traffic flow within the city of Ljubljana,2023,European Transport Research Review,article,candidate_unverified,negative,Q24,17,Gašper Petelin; Rok Hribar; Gregor Papa,https://doi.org/10.1186/s12544-023-00600-6,https://doi.org/10.1186/s12544-023-00600-6,17,gold,not_extracted,not_extracted,not_extracted,not_extracted,not_extracted,not_extracted,not_extracted,not_extracted,not_extracted,not_extracted,not_extracted,not_extracted,not_extracted,not_extracted,not_extracted,indirect_discovery_metadata,pending,OpenAlex discovery hit; requires primary-source verification
W4312205996,OPT-IML: Scaling Language Model Instruction Meta Learning through the Lens of Generalization,2022,arXiv (Cornell University),preprint,candidate_unverified,negative,Q24,18,Srinivasan Iyer; Xi Victoria Lin; Ramakanth Pasunuru; Todor Mihaylov; Daniel Simig; Ping Yu; Kurt Shuster; Tianlu Wang,https://doi.org/10.48550/arxiv.2212.12017,http://arxiv.org/abs/2212.12017,85,green,not_extracted,not_extracted,not_extracted,not_extracted,not_extracted,not_extracted,not_extracted,not_extracted,not_extracted,not_extracted,not_extracted,not_extracted,not_extracted,not_extracted,not_extracted,indirect_discovery_metadata,pending,OpenAlex discovery hit; requires primary-source verification
W4402826419,Sequence Decision Transformer for Adaptive Traffic Signal Control,2024,Sensors,article,candidate_unverified,negative,Q24,19,Rui Zhao; Haofeng Hu; Yun Li; Yuze Fan; Fei Gao; Zhenhai Gao,https://doi.org/10.3390/s24196202,https://doi.org/10.3390/s24196202,10,gold,not_extracted,not_extracted,not_extracted,not_extracted,not_extracted,not_extracted,not_extracted,not_extracted,not_extracted,not_extracted,not_extracted,not_extracted,not_extracted,not_extracted,not_extracted,indirect_discovery_metadata,pending,OpenAlex discovery hit; requires primary-source verification
W4391989542,NetDiffusion: Network Data Augmentation Through Protocol-Constrained Traffic Generation,2024,Proceedings of the ACM on Measurement and Analysis of Computing Systems,article,candidate_unverified,negative,Q24,20,Xi Jiang; Shinan Liu; Aaron Gember-Jacobson; Arjun Nitin Bhagoji; Paul Schmitt; Francesco Bronzino; Nick Feamster,https://doi.org/10.1145/3639037,https://doi.org/10.1145/3639037,57,bronze,not_extracted,not_extracted,not_extracted,not_extracted,not_extracted,not_extracted,not_extracted,not_extracted,not_extracted,not_extracted,not_extracted,not_extracted,not_extracted,not_extracted,not_extracted,indirect_discovery_metadata,pending,OpenAlex discovery hit; requires primary-source verification
W4214484978,"Toward Integrated Large-Scale Environmental Monitoring Using WSN/UAV/Crowdsensing: A Review of Applications, Signal Processing, and Future Perspectives",2022,Sensors,article,candidate_unverified,negative,Q24,21,Alessio Fascista,https://doi.org/10.3390/s22051824,https://doi.org/10.3390/s22051824,226,gold,not_extracted,not_extracted,not_extracted,not_extracted,not_extracted,not_extracted,not_extracted,not_extracted,not_extracted,not_extracted,not_extracted,not_extracted,not_extracted,not_extracted,not_extracted,indirect_discovery_metadata,pending,OpenAlex discovery hit; requires primary-source verification
W3041526888,"The Use of IoT Technology in Smart Cities and Smart Villages: Similarities, Differences, and Future Prospects",2020,Sensors,article,candidate_unverified,negative,Q24,22,Nina Cvar; Jure Trilar; Andrej Kos; Mojca Volk; Emilija Stojmenova Duh,https://doi.org/10.3390/s20143897,https://doi.org/10.3390/s20143897,116,gold,not_extracted,not_extracted,not_extracted,not_extracted,not_extracted,not_extracted,not_extracted,not_extracted,not_extracted,not_extracted,not_extracted,not_extracted,not_extracted,not_extracted,not_extracted,indirect_discovery_metadata,pending,OpenAlex discovery hit; requires primary-source verification
W4221120758,Analysis of the Ultrasonic Signal in Polymeric Contaminated Insulators Through Ensemble Learning Methods,2022,IEEE Access,article,candidate_unverified,negative,Q24,23,Stéfano Frizzo Stefenon; Rafael Bruns; Andreza Sartori; Luiz Henrique Meyer; Raúl García Ovejero; Valderi Reis Quietinho Leithardt,https://doi.org/10.1109/access.2022.3161506,https://doi.org/10.1109/access.2022.3161506,55,gold,not_extracted,not_extracted,not_extracted,not_extracted,not_extracted,not_extracted,not_extracted,not_extracted,not_extracted,not_extracted,not_extracted,not_extracted,not_extracted,not_extracted,not_extracted,indirect_discovery_metadata,pending,OpenAlex discovery hit; requires primary-source verification
W4323519249,An Ensemble-Based Machine Learning Model for Forecasting Network Traffic in VANET,2023,IEEE Access,article,candidate_unverified,negative,Q24,24,Parvin Ahmadi Doval Amiri; Samuel Pierre,https://doi.org/10.1109/access.2023.3253625,https://doi.org/10.1109/access.2023.3253625,47,gold,not_extracted,not_extracted,not_extracted,not_extracted,not_extracted,not_extracted,not_extracted,not_extracted,not_extracted,not_extracted,not_extracted,not_extracted,not_extracted,not_extracted,not_extracted,indirect_discovery_metadata,pending,OpenAlex discovery hit; requires primary-source verification
W4383112368,Enhancing Intrusion Detection in IoT Communications Through ML Model Generalization With a New Dataset (IDSAI),2023,IEEE Access,article,candidate_unverified,negative,Q24,25,Fernando Gutiérrez-Portela; Harold Brayan Arteaga-Arteaga; Florina Almenárez; Liliana Calderón-Benavides; Héctor‐Gabriel Acosta‐Mesa; Reinel Tabares-Soto,https://doi.org/10.1109/access.2023.3292267,https://doi.org/10.1109/access.2023.3292267,50,gold,not_extracted,not_extracted,not_extracted,not_extracted,not_extracted,not_extracted,not_extracted,not_extracted,not_extracted,not_extracted,not_extracted,not_extracted,not_extracted,not_extracted,not_extracted,indirect_discovery_metadata,pending,OpenAlex discovery hit; requires primary-source verification
